Copyright 1986-2022 Xilinx, Inc. All Rights Reserved.
---------------------------------------------------------------------------------------------------------------------------------------------------------------------
| Tool Version : Vivado v.2022.2 (lin64) Build 3671981 Fri Oct 14 04:59:54 MDT 2022
| Date         : Wed Aug 12 20:55:03 2026
| Host         : rahman running 64-bit Ubuntu 20.04.6 LTS
| Command      : report_drc -file kv260_dpu_sobel_bd_wrapper_drc_opted.rpt -pb kv260_dpu_sobel_bd_wrapper_drc_opted.pb -rpx kv260_dpu_sobel_bd_wrapper_drc_opted.rpx
| Design       : kv260_dpu_sobel_bd_wrapper
| Device       : xck26-sfvc784-2LV-c
| Speed File   : -2LV
| Design State : Synthesized
---------------------------------------------------------------------------------------------------------------------------------------------------------------------

Report DRC

Table of Contents
-----------------
1. REPORT SUMMARY
2. REPORT DETAILS

1. REPORT SUMMARY
-----------------
            Netlist: netlist
          Floorplan: design_1
      Design limits: <entire design considered>
           Ruledeck: default
             Max violations: <unlimited>
             Violations found: 527
+-----------+----------+--------------------------------------------------+------------+
| Rule      | Severity | Description                                      | Violations |
+-----------+----------+--------------------------------------------------+------------+
| DPOP-3    | Warning  | PREG Output pipelining                           | 6          |
| DPOP-4    | Warning  | MREG Output pipelining                           | 9          |
| REQP-1731 | Warning  | DSP_Abus_preadd_amult_sel_A_sign_bit_restriction | 512        |
+-----------+----------+--------------------------------------------------+------------+

2. REPORT DETAILS
-----------------
DPOP-3#1 Warning
PREG Output pipelining  
DSP kv260_dpu_sobel_bd_i/dpuczdx8g_0/inst/GenDpu0.u_dpu0/m_dpu_top/m_buf_writer/u_ddr_reader/u_mult_hp0/u_dsp/GenDsp48E2.u_dsp48e2 output kv260_dpu_sobel_bd_i/dpuczdx8g_0/inst/GenDpu0.u_dpu0/m_dpu_top/m_buf_writer/u_ddr_reader/u_mult_hp0/u_dsp/GenDsp48E2.u_dsp48e2/P[47:0] is not pipelined (PREG=0). Pipelining the DSP48 output will improve performance and often saves power so it is suggested whenever possible to fully pipeline this function.  If this DSP48 function was inferred, it is suggested to describe an additional register stage after this function.  If the DSP48 was instantiated in the design, it is suggested to set the PREG attribute to 1.
Related violations: <none>

DPOP-3#2 Warning
PREG Output pipelining  
DSP kv260_dpu_sobel_bd_i/sobel_accel_0/U0/mul_11ns_32s_32_1_1_U26/dout output kv260_dpu_sobel_bd_i/sobel_accel_0/U0/mul_11ns_32s_32_1_1_U26/dout/P[47:0] is not pipelined (PREG=0). Pipelining the DSP48 output will improve performance and often saves power so it is suggested whenever possible to fully pipeline this function.  If this DSP48 function was inferred, it is suggested to describe an additional register stage after this function.  If the DSP48 was instantiated in the design, it is suggested to set the PREG attribute to 1.
Related violations: <none>

DPOP-3#3 Warning
PREG Output pipelining  
DSP kv260_dpu_sobel_bd_i/sobel_accel_0/U0/mul_32s_32s_32_1_1_U25/dout__0 output kv260_dpu_sobel_bd_i/sobel_accel_0/U0/mul_32s_32s_32_1_1_U25/dout__0/P[47:0] is not pipelined (PREG=0). Pipelining the DSP48 output will improve performance and often saves power so it is suggested whenever possible to fully pipeline this function.  If this DSP48 function was inferred, it is suggested to describe an additional register stage after this function.  If the DSP48 was instantiated in the design, it is suggested to set the PREG attribute to 1.
Related violations: <none>

DPOP-3#4 Warning
PREG Output pipelining  
DSP kv260_dpu_sobel_bd_i/sobel_accel_0/U0/mul_32s_32s_32_1_1_U27/dout output kv260_dpu_sobel_bd_i/sobel_accel_0/U0/mul_32s_32s_32_1_1_U27/dout/P[47:0] is not pipelined (PREG=0). Pipelining the DSP48 output will improve performance and often saves power so it is suggested whenever possible to fully pipeline this function.  If this DSP48 function was inferred, it is suggested to describe an additional register stage after this function.  If the DSP48 was instantiated in the design, it is suggested to set the PREG attribute to 1.
Related violations: <none>

DPOP-3#5 Warning
PREG Output pipelining  
DSP kv260_dpu_sobel_bd_i/sobel_accel_0/U0/mul_32s_32s_32_1_1_U27/dout__0 output kv260_dpu_sobel_bd_i/sobel_accel_0/U0/mul_32s_32s_32_1_1_U27/dout__0/P[47:0] is not pipelined (PREG=0). Pipelining the DSP48 output will improve performance and often saves power so it is suggested whenever possible to fully pipeline this function.  If this DSP48 function was inferred, it is suggested to describe an additional register stage after this function.  If the DSP48 was instantiated in the design, it is suggested to set the PREG attribute to 1.
Related violations: <none>

DPOP-3#6 Warning
PREG Output pipelining  
DSP kv260_dpu_sobel_bd_i/sobel_accel_0/U0/mul_32s_32s_32_1_1_U27/dout__1 output kv260_dpu_sobel_bd_i/sobel_accel_0/U0/mul_32s_32s_32_1_1_U27/dout__1/P[47:0] is not pipelined (PREG=0). Pipelining the DSP48 output will improve performance and often saves power so it is suggested whenever possible to fully pipeline this function.  If this DSP48 function was inferred, it is suggested to describe an additional register stage after this function.  If the DSP48 was instantiated in the design, it is suggested to set the PREG attribute to 1.
Related violations: <none>

DPOP-4#1 Warning
MREG Output pipelining  
DSP kv260_dpu_sobel_bd_i/dpuczdx8g_0/inst/GenDpu0.u_dpu0/m_dpu_top/m_save_top/u_save_fetch_param/mul_c_reg multiplier stage kv260_dpu_sobel_bd_i/dpuczdx8g_0/inst/GenDpu0.u_dpu0/m_dpu_top/m_save_top/u_save_fetch_param/mul_c_reg/P[47:0] is not pipelined (MREG=0). Pipelining the multiplier function will improve performance and will save significant power so it is suggested whenever possible to fully pipeline this function.  If this multiplier was inferred, it is suggested to describe an additional register stage after this function.  If there is no registered adder/accumulator following the multiply function, two pipeline stages are suggested to allow both the MREG and PREG registers to be used.  If the DSP48 was instantiated in the design, it is suggested to set both the MREG and PREG attributes to 1 when performing multiply functions.
Related violations: <none>

DPOP-4#2 Warning
MREG Output pipelining  
DSP kv260_dpu_sobel_bd_i/sobel_accel_0/U0/mul132_reg_809_reg multiplier stage kv260_dpu_sobel_bd_i/sobel_accel_0/U0/mul132_reg_809_reg/P[47:0] is not pipelined (MREG=0). Pipelining the multiplier function will improve performance and will save significant power so it is suggested whenever possible to fully pipeline this function.  If this multiplier was inferred, it is suggested to describe an additional register stage after this function.  If there is no registered adder/accumulator following the multiply function, two pipeline stages are suggested to allow both the MREG and PREG registers to be used.  If the DSP48 was instantiated in the design, it is suggested to set both the MREG and PREG attributes to 1 when performing multiply functions.
Related violations: <none>

DPOP-4#3 Warning
MREG Output pipelining  
DSP kv260_dpu_sobel_bd_i/sobel_accel_0/U0/mul_11ns_32s_32_1_1_U26/dout multiplier stage kv260_dpu_sobel_bd_i/sobel_accel_0/U0/mul_11ns_32s_32_1_1_U26/dout/P[47:0] is not pipelined (MREG=0). Pipelining the multiplier function will improve performance and will save significant power so it is suggested whenever possible to fully pipeline this function.  If this multiplier was inferred, it is suggested to describe an additional register stage after this function.  If there is no registered adder/accumulator following the multiply function, two pipeline stages are suggested to allow both the MREG and PREG registers to be used.  If the DSP48 was instantiated in the design, it is suggested to set both the MREG and PREG attributes to 1 when performing multiply functions.
Related violations: <none>

DPOP-4#4 Warning
MREG Output pipelining  
DSP kv260_dpu_sobel_bd_i/sobel_accel_0/U0/mul_32s_32s_32_1_1_U25/dout multiplier stage kv260_dpu_sobel_bd_i/sobel_accel_0/U0/mul_32s_32s_32_1_1_U25/dout/P[47:0] is not pipelined (MREG=0). Pipelining the multiplier function will improve performance and will save significant power so it is suggested whenever possible to fully pipeline this function.  If this multiplier was inferred, it is suggested to describe an additional register stage after this function.  If there is no registered adder/accumulator following the multiply function, two pipeline stages are suggested to allow both the MREG and PREG registers to be used.  If the DSP48 was instantiated in the design, it is suggested to set both the MREG and PREG attributes to 1 when performing multiply functions.
Related violations: <none>

DPOP-4#5 Warning
MREG Output pipelining  
DSP kv260_dpu_sobel_bd_i/sobel_accel_0/U0/mul_32s_32s_32_1_1_U25/dout__0 multiplier stage kv260_dpu_sobel_bd_i/sobel_accel_0/U0/mul_32s_32s_32_1_1_U25/dout__0/P[47:0] is not pipelined (MREG=0). Pipelining the multiplier function will improve performance and will save significant power so it is suggested whenever possible to fully pipeline this function.  If this multiplier was inferred, it is suggested to describe an additional register stage after this function.  If there is no registered adder/accumulator following the multiply function, two pipeline stages are suggested to allow both the MREG and PREG registers to be used.  If the DSP48 was instantiated in the design, it is suggested to set both the MREG and PREG attributes to 1 when performing multiply functions.
Related violations: <none>

DPOP-4#6 Warning
MREG Output pipelining  
DSP kv260_dpu_sobel_bd_i/sobel_accel_0/U0/mul_32s_32s_32_1_1_U27/dout multiplier stage kv260_dpu_sobel_bd_i/sobel_accel_0/U0/mul_32s_32s_32_1_1_U27/dout/P[47:0] is not pipelined (MREG=0). Pipelining the multiplier function will improve performance and will save significant power so it is suggested whenever possible to fully pipeline this function.  If this multiplier was inferred, it is suggested to describe an additional register stage after this function.  If there is no registered adder/accumulator following the multiply function, two pipeline stages are suggested to allow both the MREG and PREG registers to be used.  If the DSP48 was instantiated in the design, it is suggested to set both the MREG and PREG attributes to 1 when performing multiply functions.
Related violations: <none>

DPOP-4#7 Warning
MREG Output pipelining  
DSP kv260_dpu_sobel_bd_i/sobel_accel_0/U0/mul_32s_32s_32_1_1_U27/dout__0 multiplier stage kv260_dpu_sobel_bd_i/sobel_accel_0/U0/mul_32s_32s_32_1_1_U27/dout__0/P[47:0] is not pipelined (MREG=0). Pipelining the multiplier function will improve performance and will save significant power so it is suggested whenever possible to fully pipeline this function.  If this multiplier was inferred, it is suggested to describe an additional register stage after this function.  If there is no registered adder/accumulator following the multiply function, two pipeline stages are suggested to allow both the MREG and PREG registers to be used.  If the DSP48 was instantiated in the design, it is suggested to set both the MREG and PREG attributes to 1 when performing multiply functions.
Related violations: <none>

DPOP-4#8 Warning
MREG Output pipelining  
DSP kv260_dpu_sobel_bd_i/sobel_accel_0/U0/mul_32s_32s_32_1_1_U27/dout__1 multiplier stage kv260_dpu_sobel_bd_i/sobel_accel_0/U0/mul_32s_32s_32_1_1_U27/dout__1/P[47:0] is not pipelined (MREG=0). Pipelining the multiplier function will improve performance and will save significant power so it is suggested whenever possible to fully pipeline this function.  If this multiplier was inferred, it is suggested to describe an additional register stage after this function.  If there is no registered adder/accumulator following the multiply function, two pipeline stages are suggested to allow both the MREG and PREG registers to be used.  If the DSP48 was instantiated in the design, it is suggested to set both the MREG and PREG attributes to 1 when performing multiply functions.
Related violations: <none>

DPOP-4#9 Warning
MREG Output pipelining  
DSP kv260_dpu_sobel_bd_i/sobel_accel_0/U0/mul_ln275_reg_732_reg multiplier stage kv260_dpu_sobel_bd_i/sobel_accel_0/U0/mul_ln275_reg_732_reg/P[47:0] is not pipelined (MREG=0). Pipelining the multiplier function will improve performance and will save significant power so it is suggested whenever possible to fully pipeline this function.  If this multiplier was inferred, it is suggested to describe an additional register stage after this function.  If there is no registered adder/accumulator following the multiply function, two pipeline stages are suggested to allow both the MREG and PREG registers to be used.  If the DSP48 was instantiated in the design, it is suggested to set both the MREG and PREG attributes to 1 when performing multiply functions.
Related violations: <none>

REQP-1731#1 Warning
DSP_Abus_preadd_amult_sel_A_sign_bit_restriction  
kv260_dpu_sobel_bd_i/dpuczdx8g_0/inst/GenDpu0.u_dpu0/m_dpu_top/m_conv_top/inst_pea/u_mults/GenAddGrp[0].GenAddCh[0].GenMultOcp[0].u_mult_dsp_tree/GenMultPair[0].Gen8x8.u_mult_dsp/u_dsp/GenDsp48E2.u_dsp48e2: When using the PreAdder and AMULTSEL is set to 'AD' and PREADDINSEL is set to 'A', the A operand should be restricted to 26 bit two's complement (and sign extended) to avoid over/underflow in the pre-add stage.
Related violations: <none>

REQP-1731#2 Warning
DSP_Abus_preadd_amult_sel_A_sign_bit_restriction  
kv260_dpu_sobel_bd_i/dpuczdx8g_0/inst/GenDpu0.u_dpu0/m_dpu_top/m_conv_top/inst_pea/u_mults/GenAddGrp[0].GenAddCh[0].GenMultOcp[0].u_mult_dsp_tree/GenMultPair[1].Gen8x8.u_mult_dsp/u_dsp/GenDsp48E2.u_dsp48e2: When using the PreAdder and AMULTSEL is set to 'AD' and PREADDINSEL is set to 'A', the A operand should be restricted to 26 bit two's complement (and sign extended) to avoid over/underflow in the pre-add stage.
Related violations: <none>

REQP-1731#3 Warning
DSP_Abus_preadd_amult_sel_A_sign_bit_restriction  
kv260_dpu_sobel_bd_i/dpuczdx8g_0/inst/GenDpu0.u_dpu0/m_dpu_top/m_conv_top/inst_pea/u_mults/GenAddGrp[0].GenAddCh[0].GenMultOcp[0].u_mult_dsp_tree/GenMultPair[2].Gen8x8.u_mult_dsp/u_dsp/GenDsp48E2.u_dsp48e2: When using the PreAdder and AMULTSEL is set to 'AD' and PREADDINSEL is set to 'A', the A operand should be restricted to 26 bit two's complement (and sign extended) to avoid over/underflow in the pre-add stage.
Related violations: <none>

REQP-1731#4 Warning
DSP_Abus_preadd_amult_sel_A_sign_bit_restriction  
kv260_dpu_sobel_bd_i/dpuczdx8g_0/inst/GenDpu0.u_dpu0/m_dpu_top/m_conv_top/inst_pea/u_mults/GenAddGrp[0].GenAddCh[0].GenMultOcp[0].u_mult_dsp_tree/GenMultPair[3].Gen8x8.u_mult_dsp/u_dsp/GenDsp48E2.u_dsp48e2: When using the PreAdder and AMULTSEL is set to 'AD' and PREADDINSEL is set to 'A', the A operand should be restricted to 26 bit two's complement (and sign extended) to avoid over/underflow in the pre-add stage.
Related violations: <none>

REQP-1731#5 Warning
DSP_Abus_preadd_amult_sel_A_sign_bit_restriction  
kv260_dpu_sobel_bd_i/dpuczdx8g_0/inst/GenDpu0.u_dpu0/m_dpu_top/m_conv_top/inst_pea/u_mults/GenAddGrp[0].GenAddCh[0].GenMultOcp[1].u_mult_dsp_tree/GenMultPair[0].Gen8x8.u_mult_dsp/u_dsp/GenDsp48E2.u_dsp48e2: When using the PreAdder and AMULTSEL is set to 'AD' and PREADDINSEL is set to 'A', the A operand should be restricted to 26 bit two's complement (and sign extended) to avoid over/underflow in the pre-add stage.
Related violations: <none>

REQP-1731#6 Warning
DSP_Abus_preadd_amult_sel_A_sign_bit_restriction  
kv260_dpu_sobel_bd_i/dpuczdx8g_0/inst/GenDpu0.u_dpu0/m_dpu_top/m_conv_top/inst_pea/u_mults/GenAddGrp[0].GenAddCh[0].GenMultOcp[1].u_mult_dsp_tree/GenMultPair[1].Gen8x8.u_mult_dsp/u_dsp/GenDsp48E2.u_dsp48e2: When using the PreAdder and AMULTSEL is set to 'AD' and PREADDINSEL is set to 'A', the A operand should be restricted to 26 bit two's complement (and sign extended) to avoid over/underflow in the pre-add stage.
Related violations: <none>

REQP-1731#7 Warning
DSP_Abus_preadd_amult_sel_A_sign_bit_restriction  
kv260_dpu_sobel_bd_i/dpuczdx8g_0/inst/GenDpu0.u_dpu0/m_dpu_top/m_conv_top/inst_pea/u_mults/GenAddGrp[0].GenAddCh[0].GenMultOcp[1].u_mult_dsp_tree/GenMultPair[2].Gen8x8.u_mult_dsp/u_dsp/GenDsp48E2.u_dsp48e2: When using the PreAdder and AMULTSEL is set to 'AD' and PREADDINSEL is set to 'A', the A operand should be restricted to 26 bit two's complement (and sign extended) to avoid over/underflow in the pre-add stage.
Related violations: <none>

REQP-1731#8 Warning
DSP_Abus_preadd_amult_sel_A_sign_bit_restriction  
kv260_dpu_sobel_bd_i/dpuczdx8g_0/inst/GenDpu0.u_dpu0/m_dpu_top/m_conv_top/inst_pea/u_mults/GenAddGrp[0].GenAddCh[0].GenMultOcp[1].u_mult_dsp_tree/GenMultPair[3].Gen8x8.u_mult_dsp/u_dsp/GenDsp48E2.u_dsp48e2: When using the PreAdder and AMULTSEL is set to 'AD' and PREADDINSEL is set to 'A', the A operand should be restricted to 26 bit two's complement (and sign extended) to avoid over/underflow in the pre-add stage.
Related violations: <none>

REQP-1731#9 Warning
DSP_Abus_preadd_amult_sel_A_sign_bit_restriction  
kv260_dpu_sobel_bd_i/dpuczdx8g_0/inst/GenDpu0.u_dpu0/m_dpu_top/m_conv_top/inst_pea/u_mults/GenAddGrp[0].GenAddCh[0].GenMultOcp[2].u_mult_dsp_tree/GenMultPair[0].Gen8x8.u_mult_dsp/u_dsp/GenDsp48E2.u_dsp48e2: When using the PreAdder and AMULTSEL is set to 'AD' and PREADDINSEL is set to 'A', the A operand should be restricted to 26 bit two's complement (and sign extended) to avoid over/underflow in the pre-add stage.
Related violations: <none>

REQP-1731#10 Warning
DSP_Abus_preadd_amult_sel_A_sign_bit_restriction  
kv260_dpu_sobel_bd_i/dpuczdx8g_0/inst/GenDpu0.u_dpu0/m_dpu_top/m_conv_top/inst_pea/u_mults/GenAddGrp[0].GenAddCh[0].GenMultOcp[2].u_mult_dsp_tree/GenMultPair[1].Gen8x8.u_mult_dsp/u_dsp/GenDsp48E2.u_dsp48e2: When using the PreAdder and AMULTSEL is set to 'AD' and PREADDINSEL is set to 'A', the A operand should be restricted to 26 bit two's complement (and sign extended) to avoid over/underflow in the pre-add stage.
Related violations: <none>

REQP-1731#11 Warning
DSP_Abus_preadd_amult_sel_A_sign_bit_restriction  
kv260_dpu_sobel_bd_i/dpuczdx8g_0/inst/GenDpu0.u_dpu0/m_dpu_top/m_conv_top/inst_pea/u_mults/GenAddGrp[0].GenAddCh[0].GenMultOcp[2].u_mult_dsp_tree/GenMultPair[2].Gen8x8.u_mult_dsp/u_dsp/GenDsp48E2.u_dsp48e2: When using the PreAdder and AMULTSEL is set to 'AD' and PREADDINSEL is set to 'A', the A operand should be restricted to 26 bit two's complement (and sign extended) to avoid over/underflow in the pre-add stage.
Related violations: <none>

REQP-1731#12 Warning
DSP_Abus_preadd_amult_sel_A_sign_bit_restriction  
kv260_dpu_sobel_bd_i/dpuczdx8g_0/inst/GenDpu0.u_dpu0/m_dpu_top/m_conv_top/inst_pea/u_mults/GenAddGrp[0].GenAddCh[0].GenMultOcp[2].u_mult_dsp_tree/GenMultPair[3].Gen8x8.u_mult_dsp/u_dsp/GenDsp48E2.u_dsp48e2: When using the PreAdder and AMULTSEL is set to 'AD' and PREADDINSEL is set to 'A', the A operand should be restricted to 26 bit two's complement (and sign extended) to avoid over/underflow in the pre-add stage.
Related violations: <none>

REQP-1731#13 Warning
DSP_Abus_preadd_amult_sel_A_sign_bit_restriction  
kv260_dpu_sobel_bd_i/dpuczdx8g_0/inst/GenDpu0.u_dpu0/m_dpu_top/m_conv_top/inst_pea/u_mults/GenAddGrp[0].GenAddCh[0].GenMultOcp[3].u_mult_dsp_tree/GenMultPair[0].Gen8x8.u_mult_dsp/u_dsp/GenDsp48E2.u_dsp48e2: When using the PreAdder and AMULTSEL is set to 'AD' and PREADDINSEL is set to 'A', the A operand should be restricted to 26 bit two's complement (and sign extended) to avoid over/underflow in the pre-add stage.
Related violations: <none>

REQP-1731#14 Warning
DSP_Abus_preadd_amult_sel_A_sign_bit_restriction  
kv260_dpu_sobel_bd_i/dpuczdx8g_0/inst/GenDpu0.u_dpu0/m_dpu_top/m_conv_top/inst_pea/u_mults/GenAddGrp[0].GenAddCh[0].GenMultOcp[3].u_mult_dsp_tree/GenMultPair[1].Gen8x8.u_mult_dsp/u_dsp/GenDsp48E2.u_dsp48e2: When using the PreAdder and AMULTSEL is set to 'AD' and PREADDINSEL is set to 'A', the A operand should be restricted to 26 bit two's complement (and sign extended) to avoid over/underflow in the pre-add stage.
Related violations: <none>

REQP-1731#15 Warning
DSP_Abus_preadd_amult_sel_A_sign_bit_restriction  
kv260_dpu_sobel_bd_i/dpuczdx8g_0/inst/GenDpu0.u_dpu0/m_dpu_top/m_conv_top/inst_pea/u_mults/GenAddGrp[0].GenAddCh[0].GenMultOcp[3].u_mult_dsp_tree/GenMultPair[2].Gen8x8.u_mult_dsp/u_dsp/GenDsp48E2.u_dsp48e2: When using the PreAdder and AMULTSEL is set to 'AD' and PREADDINSEL is set to 'A', the A operand should be restricted to 26 bit two's complement (and sign extended) to avoid over/underflow in the pre-add stage.
Related violations: <none>

REQP-1731#16 Warning
DSP_Abus_preadd_amult_sel_A_sign_bit_restriction  
kv260_dpu_sobel_bd_i/dpuczdx8g_0/inst/GenDpu0.u_dpu0/m_dpu_top/m_conv_top/inst_pea/u_mults/GenAddGrp[0].GenAddCh[0].GenMultOcp[3].u_mult_dsp_tree/GenMultPair[3].Gen8x8.u_mult_dsp/u_dsp/GenDsp48E2.u_dsp48e2: When using the PreAdder and AMULTSEL is set to 'AD' and PREADDINSEL is set to 'A', the A operand should be restricted to 26 bit two's complement (and sign extended) to avoid over/underflow in the pre-add stage.
Related violations: <none>

REQP-1731#17 Warning
DSP_Abus_preadd_amult_sel_A_sign_bit_restriction  
kv260_dpu_sobel_bd_i/dpuczdx8g_0/inst/GenDpu0.u_dpu0/m_dpu_top/m_conv_top/inst_pea/u_mults/GenAddGrp[0].GenAddCh[0].GenMultOcp[4].u_mult_dsp_tree/GenMultPair[0].Gen8x8.u_mult_dsp/u_dsp/GenDsp48E2.u_dsp48e2: When using the PreAdder and AMULTSEL is set to 'AD' and PREADDINSEL is set to 'A', the A operand should be restricted to 26 bit two's complement (and sign extended) to avoid over/underflow in the pre-add stage.
Related violations: <none>

REQP-1731#18 Warning
DSP_Abus_preadd_amult_sel_A_sign_bit_restriction  
kv260_dpu_sobel_bd_i/dpuczdx8g_0/inst/GenDpu0.u_dpu0/m_dpu_top/m_conv_top/inst_pea/u_mults/GenAddGrp[0].GenAddCh[0].GenMultOcp[4].u_mult_dsp_tree/GenMultPair[1].Gen8x8.u_mult_dsp/u_dsp/GenDsp48E2.u_dsp48e2: When using the PreAdder and AMULTSEL is set to 'AD' and PREADDINSEL is set to 'A', the A operand should be restricted to 26 bit two's complement (and sign extended) to avoid over/underflow in the pre-add stage.
Related violations: <none>

REQP-1731#19 Warning
DSP_Abus_preadd_amult_sel_A_sign_bit_restriction  
kv260_dpu_sobel_bd_i/dpuczdx8g_0/inst/GenDpu0.u_dpu0/m_dpu_top/m_conv_top/inst_pea/u_mults/GenAddGrp[0].GenAddCh[0].GenMultOcp[4].u_mult_dsp_tree/GenMultPair[2].Gen8x8.u_mult_dsp/u_dsp/GenDsp48E2.u_dsp48e2: When using the PreAdder and AMULTSEL is set to 'AD' and PREADDINSEL is set to 'A', the A operand should be restricted to 26 bit two's complement (and sign extended) to avoid over/underflow in the pre-add stage.
Related violations: <none>

REQP-1731#20 Warning
DSP_Abus_preadd_amult_sel_A_sign_bit_restriction  
kv260_dpu_sobel_bd_i/dpuczdx8g_0/inst/GenDpu0.u_dpu0/m_dpu_top/m_conv_top/inst_pea/u_mults/GenAddGrp[0].GenAddCh[0].GenMultOcp[4].u_mult_dsp_tree/GenMultPair[3].Gen8x8.u_mult_dsp/u_dsp/GenDsp48E2.u_dsp48e2: When using the PreAdder and AMULTSEL is set to 'AD' and PREADDINSEL is set to 'A', the A operand should be restricted to 26 bit two's complement (and sign extended) to avoid over/underflow in the pre-add stage.
Related violations: <none>

REQP-1731#21 Warning
DSP_Abus_preadd_amult_sel_A_sign_bit_restriction  
kv260_dpu_sobel_bd_i/dpuczdx8g_0/inst/GenDpu0.u_dpu0/m_dpu_top/m_conv_top/inst_pea/u_mults/GenAddGrp[0].GenAddCh[0].GenMultOcp[5].u_mult_dsp_tree/GenMultPair[0].Gen8x8.u_mult_dsp/u_dsp/GenDsp48E2.u_dsp48e2: When using the PreAdder and AMULTSEL is set to 'AD' and PREADDINSEL is set to 'A', the A operand should be restricted to 26 bit two's complement (and sign extended) to avoid over/underflow in the pre-add stage.
Related violations: <none>

REQP-1731#22 Warning
DSP_Abus_preadd_amult_sel_A_sign_bit_restriction  
kv260_dpu_sobel_bd_i/dpuczdx8g_0/inst/GenDpu0.u_dpu0/m_dpu_top/m_conv_top/inst_pea/u_mults/GenAddGrp[0].GenAddCh[0].GenMultOcp[5].u_mult_dsp_tree/GenMultPair[1].Gen8x8.u_mult_dsp/u_dsp/GenDsp48E2.u_dsp48e2: When using the PreAdder and AMULTSEL is set to 'AD' and PREADDINSEL is set to 'A', the A operand should be restricted to 26 bit two's complement (and sign extended) to avoid over/underflow in the pre-add stage.
Related violations: <none>

REQP-1731#23 Warning
DSP_Abus_preadd_amult_sel_A_sign_bit_restriction  
kv260_dpu_sobel_bd_i/dpuczdx8g_0/inst/GenDpu0.u_dpu0/m_dpu_top/m_conv_top/inst_pea/u_mults/GenAddGrp[0].GenAddCh[0].GenMultOcp[5].u_mult_dsp_tree/GenMultPair[2].Gen8x8.u_mult_dsp/u_dsp/GenDsp48E2.u_dsp48e2: When using the PreAdder and AMULTSEL is set to 'AD' and PREADDINSEL is set to 'A', the A operand should be restricted to 26 bit two's complement (and sign extended) to avoid over/underflow in the pre-add stage.
Related violations: <none>

REQP-1731#24 Warning
DSP_Abus_preadd_amult_sel_A_sign_bit_restriction  
kv260_dpu_sobel_bd_i/dpuczdx8g_0/inst/GenDpu0.u_dpu0/m_dpu_top/m_conv_top/inst_pea/u_mults/GenAddGrp[0].GenAddCh[0].GenMultOcp[5].u_mult_dsp_tree/GenMultPair[3].Gen8x8.u_mult_dsp/u_dsp/GenDsp48E2.u_dsp48e2: When using the PreAdder and AMULTSEL is set to 'AD' and PREADDINSEL is set to 'A', the A operand should be restricted to 26 bit two's complement (and sign extended) to avoid over/underflow in the pre-add stage.
Related violations: <none>

REQP-1731#25 Warning
DSP_Abus_preadd_amult_sel_A_sign_bit_restriction  
kv260_dpu_sobel_bd_i/dpuczdx8g_0/inst/GenDpu0.u_dpu0/m_dpu_top/m_conv_top/inst_pea/u_mults/GenAddGrp[0].GenAddCh[0].GenMultOcp[6].u_mult_dsp_tree/GenMultPair[0].Gen8x8.u_mult_dsp/u_dsp/GenDsp48E2.u_dsp48e2: When using the PreAdder and AMULTSEL is set to 'AD' and PREADDINSEL is set to 'A', the A operand should be restricted to 26 bit two's complement (and sign extended) to avoid over/underflow in the pre-add stage.
Related violations: <none>

REQP-1731#26 Warning
DSP_Abus_preadd_amult_sel_A_sign_bit_restriction  
kv260_dpu_sobel_bd_i/dpuczdx8g_0/inst/GenDpu0.u_dpu0/m_dpu_top/m_conv_top/inst_pea/u_mults/GenAddGrp[0].GenAddCh[0].GenMultOcp[6].u_mult_dsp_tree/GenMultPair[1].Gen8x8.u_mult_dsp/u_dsp/GenDsp48E2.u_dsp48e2: When using the PreAdder and AMULTSEL is set to 'AD' and PREADDINSEL is set to 'A', the A operand should be restricted to 26 bit two's complement (and sign extended) to avoid over/underflow in the pre-add stage.
Related violations: <none>

REQP-1731#27 Warning
DSP_Abus_preadd_amult_sel_A_sign_bit_restriction  
kv260_dpu_sobel_bd_i/dpuczdx8g_0/inst/GenDpu0.u_dpu0/m_dpu_top/m_conv_top/inst_pea/u_mults/GenAddGrp[0].GenAddCh[0].GenMultOcp[6].u_mult_dsp_tree/GenMultPair[2].Gen8x8.u_mult_dsp/u_dsp/GenDsp48E2.u_dsp48e2: When using the PreAdder and AMULTSEL is set to 'AD' and PREADDINSEL is set to 'A', the A operand should be restricted to 26 bit two's complement (and sign extended) to avoid over/underflow in the pre-add stage.
Related violations: <none>

REQP-1731#28 Warning
DSP_Abus_preadd_amult_sel_A_sign_bit_restriction  
kv260_dpu_sobel_bd_i/dpuczdx8g_0/inst/GenDpu0.u_dpu0/m_dpu_top/m_conv_top/inst_pea/u_mults/GenAddGrp[0].GenAddCh[0].GenMultOcp[6].u_mult_dsp_tree/GenMultPair[3].Gen8x8.u_mult_dsp/u_dsp/GenDsp48E2.u_dsp48e2: When using the PreAdder and AMULTSEL is set to 'AD' and PREADDINSEL is set to 'A', the A operand should be restricted to 26 bit two's complement (and sign extended) to avoid over/underflow in the pre-add stage.
Related violations: <none>

REQP-1731#29 Warning
DSP_Abus_preadd_amult_sel_A_sign_bit_restriction  
kv260_dpu_sobel_bd_i/dpuczdx8g_0/inst/GenDpu0.u_dpu0/m_dpu_top/m_conv_top/inst_pea/u_mults/GenAddGrp[0].GenAddCh[0].GenMultOcp[7].u_mult_dsp_tree/GenMultPair[0].Gen8x8.u_mult_dsp/u_dsp/GenDsp48E2.u_dsp48e2: When using the PreAdder and AMULTSEL is set to 'AD' and PREADDINSEL is set to 'A', the A operand should be restricted to 26 bit two's complement (and sign extended) to avoid over/underflow in the pre-add stage.
Related violations: <none>

REQP-1731#30 Warning
DSP_Abus_preadd_amult_sel_A_sign_bit_restriction  
kv260_dpu_sobel_bd_i/dpuczdx8g_0/inst/GenDpu0.u_dpu0/m_dpu_top/m_conv_top/inst_pea/u_mults/GenAddGrp[0].GenAddCh[0].GenMultOcp[7].u_mult_dsp_tree/GenMultPair[1].Gen8x8.u_mult_dsp/u_dsp/GenDsp48E2.u_dsp48e2: When using the PreAdder and AMULTSEL is set to 'AD' and PREADDINSEL is set to 'A', the A operand should be restricted to 26 bit two's complement (and sign extended) to avoid over/underflow in the pre-add stage.
Related violations: <none>

REQP-1731#31 Warning
DSP_Abus_preadd_amult_sel_A_sign_bit_restriction  
kv260_dpu_sobel_bd_i/dpuczdx8g_0/inst/GenDpu0.u_dpu0/m_dpu_top/m_conv_top/inst_pea/u_mults/GenAddGrp[0].GenAddCh[0].GenMultOcp[7].u_mult_dsp_tree/GenMultPair[2].Gen8x8.u_mult_dsp/u_dsp/GenDsp48E2.u_dsp48e2: When using the PreAdder and AMULTSEL is set to 'AD' and PREADDINSEL is set to 'A', the A operand should be restricted to 26 bit two's complement (and sign extended) to avoid over/underflow in the pre-add stage.
Related violations: <none>

REQP-1731#32 Warning
DSP_Abus_preadd_amult_sel_A_sign_bit_restriction  
kv260_dpu_sobel_bd_i/dpuczdx8g_0/inst/GenDpu0.u_dpu0/m_dpu_top/m_conv_top/inst_pea/u_mults/GenAddGrp[0].GenAddCh[0].GenMultOcp[7].u_mult_dsp_tree/GenMultPair[3].Gen8x8.u_mult_dsp/u_dsp/GenDsp48E2.u_dsp48e2: When using the PreAdder and AMULTSEL is set to 'AD' and PREADDINSEL is set to 'A', the A operand should be restricted to 26 bit two's complement (and sign extended) to avoid over/underflow in the pre-add stage.
Related violations: <none>

REQP-1731#33 Warning
DSP_Abus_preadd_amult_sel_A_sign_bit_restriction  
kv260_dpu_sobel_bd_i/dpuczdx8g_0/inst/GenDpu0.u_dpu0/m_dpu_top/m_conv_top/inst_pea/u_mults/GenAddGrp[0].GenAddCh[1].GenMultOcp[0].u_mult_dsp_tree/GenMultPair[0].Gen8x8.u_mult_dsp/u_dsp/GenDsp48E2.u_dsp48e2: When using the PreAdder and AMULTSEL is set to 'AD' and PREADDINSEL is set to 'A', the A operand should be restricted to 26 bit two's complement (and sign extended) to avoid over/underflow in the pre-add stage.
Related violations: <none>

REQP-1731#34 Warning
DSP_Abus_preadd_amult_sel_A_sign_bit_restriction  
kv260_dpu_sobel_bd_i/dpuczdx8g_0/inst/GenDpu0.u_dpu0/m_dpu_top/m_conv_top/inst_pea/u_mults/GenAddGrp[0].GenAddCh[1].GenMultOcp[0].u_mult_dsp_tree/GenMultPair[1].Gen8x8.u_mult_dsp/u_dsp/GenDsp48E2.u_dsp48e2: When using the PreAdder and AMULTSEL is set to 'AD' and PREADDINSEL is set to 'A', the A operand should be restricted to 26 bit two's complement (and sign extended) to avoid over/underflow in the pre-add stage.
Related violations: <none>

REQP-1731#35 Warning
DSP_Abus_preadd_amult_sel_A_sign_bit_restriction  
kv260_dpu_sobel_bd_i/dpuczdx8g_0/inst/GenDpu0.u_dpu0/m_dpu_top/m_conv_top/inst_pea/u_mults/GenAddGrp[0].GenAddCh[1].GenMultOcp[0].u_mult_dsp_tree/GenMultPair[2].Gen8x8.u_mult_dsp/u_dsp/GenDsp48E2.u_dsp48e2: When using the PreAdder and AMULTSEL is set to 'AD' and PREADDINSEL is set to 'A', the A operand should be restricted to 26 bit two's complement (and sign extended) to avoid over/underflow in the pre-add stage.
Related violations: <none>

REQP-1731#36 Warning
DSP_Abus_preadd_amult_sel_A_sign_bit_restriction  
kv260_dpu_sobel_bd_i/dpuczdx8g_0/inst/GenDpu0.u_dpu0/m_dpu_top/m_conv_top/inst_pea/u_mults/GenAddGrp[0].GenAddCh[1].GenMultOcp[0].u_mult_dsp_tree/GenMultPair[3].Gen8x8.u_mult_dsp/u_dsp/GenDsp48E2.u_dsp48e2: When using the PreAdder and AMULTSEL is set to 'AD' and PREADDINSEL is set to 'A', the A operand should be restricted to 26 bit two's complement (and sign extended) to avoid over/underflow in the pre-add stage.
Related violations: <none>

REQP-1731#37 Warning
DSP_Abus_preadd_amult_sel_A_sign_bit_restriction  
kv260_dpu_sobel_bd_i/dpuczdx8g_0/inst/GenDpu0.u_dpu0/m_dpu_top/m_conv_top/inst_pea/u_mults/GenAddGrp[0].GenAddCh[1].GenMultOcp[1].u_mult_dsp_tree/GenMultPair[0].Gen8x8.u_mult_dsp/u_dsp/GenDsp48E2.u_dsp48e2: When using the PreAdder and AMULTSEL is set to 'AD' and PREADDINSEL is set to 'A', the A operand should be restricted to 26 bit two's complement (and sign extended) to avoid over/underflow in the pre-add stage.
Related violations: <none>

REQP-1731#38 Warning
DSP_Abus_preadd_amult_sel_A_sign_bit_restriction  
kv260_dpu_sobel_bd_i/dpuczdx8g_0/inst/GenDpu0.u_dpu0/m_dpu_top/m_conv_top/inst_pea/u_mults/GenAddGrp[0].GenAddCh[1].GenMultOcp[1].u_mult_dsp_tree/GenMultPair[1].Gen8x8.u_mult_dsp/u_dsp/GenDsp48E2.u_dsp48e2: When using the PreAdder and AMULTSEL is set to 'AD' and PREADDINSEL is set to 'A', the A operand should be restricted to 26 bit two's complement (and sign extended) to avoid over/underflow in the pre-add stage.
Related violations: <none>

REQP-1731#39 Warning
DSP_Abus_preadd_amult_sel_A_sign_bit_restriction  
kv260_dpu_sobel_bd_i/dpuczdx8g_0/inst/GenDpu0.u_dpu0/m_dpu_top/m_conv_top/inst_pea/u_mults/GenAddGrp[0].GenAddCh[1].GenMultOcp[1].u_mult_dsp_tree/GenMultPair[2].Gen8x8.u_mult_dsp/u_dsp/GenDsp48E2.u_dsp48e2: When using the PreAdder and AMULTSEL is set to 'AD' and PREADDINSEL is set to 'A', the A operand should be restricted to 26 bit two's complement (and sign extended) to avoid over/underflow in the pre-add stage.
Related violations: <none>

REQP-1731#40 Warning
DSP_Abus_preadd_amult_sel_A_sign_bit_restriction  
kv260_dpu_sobel_bd_i/dpuczdx8g_0/inst/GenDpu0.u_dpu0/m_dpu_top/m_conv_top/inst_pea/u_mults/GenAddGrp[0].GenAddCh[1].GenMultOcp[1].u_mult_dsp_tree/GenMultPair[3].Gen8x8.u_mult_dsp/u_dsp/GenDsp48E2.u_dsp48e2: When using the PreAdder and AMULTSEL is set to 'AD' and PREADDINSEL is set to 'A', the A operand should be restricted to 26 bit two's complement (and sign extended) to avoid over/underflow in the pre-add stage.
Related violations: <none>

REQP-1731#41 Warning
DSP_Abus_preadd_amult_sel_A_sign_bit_restriction  
kv260_dpu_sobel_bd_i/dpuczdx8g_0/inst/GenDpu0.u_dpu0/m_dpu_top/m_conv_top/inst_pea/u_mults/GenAddGrp[0].GenAddCh[1].GenMultOcp[2].u_mult_dsp_tree/GenMultPair[0].Gen8x8.u_mult_dsp/u_dsp/GenDsp48E2.u_dsp48e2: When using the PreAdder and AMULTSEL is set to 'AD' and PREADDINSEL is set to 'A', the A operand should be restricted to 26 bit two's complement (and sign extended) to avoid over/underflow in the pre-add stage.
Related violations: <none>

REQP-1731#42 Warning
DSP_Abus_preadd_amult_sel_A_sign_bit_restriction  
kv260_dpu_sobel_bd_i/dpuczdx8g_0/inst/GenDpu0.u_dpu0/m_dpu_top/m_conv_top/inst_pea/u_mults/GenAddGrp[0].GenAddCh[1].GenMultOcp[2].u_mult_dsp_tree/GenMultPair[1].Gen8x8.u_mult_dsp/u_dsp/GenDsp48E2.u_dsp48e2: When using the PreAdder and AMULTSEL is set to 'AD' and PREADDINSEL is set to 'A', the A operand should be restricted to 26 bit two's complement (and sign extended) to avoid over/underflow in the pre-add stage.
Related violations: <none>

REQP-1731#43 Warning
DSP_Abus_preadd_amult_sel_A_sign_bit_restriction  
kv260_dpu_sobel_bd_i/dpuczdx8g_0/inst/GenDpu0.u_dpu0/m_dpu_top/m_conv_top/inst_pea/u_mults/GenAddGrp[0].GenAddCh[1].GenMultOcp[2].u_mult_dsp_tree/GenMultPair[2].Gen8x8.u_mult_dsp/u_dsp/GenDsp48E2.u_dsp48e2: When using the PreAdder and AMULTSEL is set to 'AD' and PREADDINSEL is set to 'A', the A operand should be restricted to 26 bit two's complement (and sign extended) to avoid over/underflow in the pre-add stage.
Related violations: <none>

REQP-1731#44 Warning
DSP_Abus_preadd_amult_sel_A_sign_bit_restriction  
kv260_dpu_sobel_bd_i/dpuczdx8g_0/inst/GenDpu0.u_dpu0/m_dpu_top/m_conv_top/inst_pea/u_mults/GenAddGrp[0].GenAddCh[1].GenMultOcp[2].u_mult_dsp_tree/GenMultPair[3].Gen8x8.u_mult_dsp/u_dsp/GenDsp48E2.u_dsp48e2: When using the PreAdder and AMULTSEL is set to 'AD' and PREADDINSEL is set to 'A', the A operand should be restricted to 26 bit two's complement (and sign extended) to avoid over/underflow in the pre-add stage.
Related violations: <none>

REQP-1731#45 Warning
DSP_Abus_preadd_amult_sel_A_sign_bit_restriction  
kv260_dpu_sobel_bd_i/dpuczdx8g_0/inst/GenDpu0.u_dpu0/m_dpu_top/m_conv_top/inst_pea/u_mults/GenAddGrp[0].GenAddCh[1].GenMultOcp[3].u_mult_dsp_tree/GenMultPair[0].Gen8x8.u_mult_dsp/u_dsp/GenDsp48E2.u_dsp48e2: When using the PreAdder and AMULTSEL is set to 'AD' and PREADDINSEL is set to 'A', the A operand should be restricted to 26 bit two's complement (and sign extended) to avoid over/underflow in the pre-add stage.
Related violations: <none>

REQP-1731#46 Warning
DSP_Abus_preadd_amult_sel_A_sign_bit_restriction  
kv260_dpu_sobel_bd_i/dpuczdx8g_0/inst/GenDpu0.u_dpu0/m_dpu_top/m_conv_top/inst_pea/u_mults/GenAddGrp[0].GenAddCh[1].GenMultOcp[3].u_mult_dsp_tree/GenMultPair[1].Gen8x8.u_mult_dsp/u_dsp/GenDsp48E2.u_dsp48e2: When using the PreAdder and AMULTSEL is set to 'AD' and PREADDINSEL is set to 'A', the A operand should be restricted to 26 bit two's complement (and sign extended) to avoid over/underflow in the pre-add stage.
Related violations: <none>

REQP-1731#47 Warning
DSP_Abus_preadd_amult_sel_A_sign_bit_restriction  
kv260_dpu_sobel_bd_i/dpuczdx8g_0/inst/GenDpu0.u_dpu0/m_dpu_top/m_conv_top/inst_pea/u_mults/GenAddGrp[0].GenAddCh[1].GenMultOcp[3].u_mult_dsp_tree/GenMultPair[2].Gen8x8.u_mult_dsp/u_dsp/GenDsp48E2.u_dsp48e2: When using the PreAdder and AMULTSEL is set to 'AD' and PREADDINSEL is set to 'A', the A operand should be restricted to 26 bit two's complement (and sign extended) to avoid over/underflow in the pre-add stage.
Related violations: <none>

REQP-1731#48 Warning
DSP_Abus_preadd_amult_sel_A_sign_bit_restriction  
kv260_dpu_sobel_bd_i/dpuczdx8g_0/inst/GenDpu0.u_dpu0/m_dpu_top/m_conv_top/inst_pea/u_mults/GenAddGrp[0].GenAddCh[1].GenMultOcp[3].u_mult_dsp_tree/GenMultPair[3].Gen8x8.u_mult_dsp/u_dsp/GenDsp48E2.u_dsp48e2: When using the PreAdder and AMULTSEL is set to 'AD' and PREADDINSEL is set to 'A', the A operand should be restricted to 26 bit two's complement (and sign extended) to avoid over/underflow in the pre-add stage.
Related violations: <none>

REQP-1731#49 Warning
DSP_Abus_preadd_amult_sel_A_sign_bit_restriction  
kv260_dpu_sobel_bd_i/dpuczdx8g_0/inst/GenDpu0.u_dpu0/m_dpu_top/m_conv_top/inst_pea/u_mults/GenAddGrp[0].GenAddCh[1].GenMultOcp[4].u_mult_dsp_tree/GenMultPair[0].Gen8x8.u_mult_dsp/u_dsp/GenDsp48E2.u_dsp48e2: When using the PreAdder and AMULTSEL is set to 'AD' and PREADDINSEL is set to 'A', the A operand should be restricted to 26 bit two's complement (and sign extended) to avoid over/underflow in the pre-add stage.
Related violations: <none>

REQP-1731#50 Warning
DSP_Abus_preadd_amult_sel_A_sign_bit_restriction  
kv260_dpu_sobel_bd_i/dpuczdx8g_0/inst/GenDpu0.u_dpu0/m_dpu_top/m_conv_top/inst_pea/u_mults/GenAddGrp[0].GenAddCh[1].GenMultOcp[4].u_mult_dsp_tree/GenMultPair[1].Gen8x8.u_mult_dsp/u_dsp/GenDsp48E2.u_dsp48e2: When using the PreAdder and AMULTSEL is set to 'AD' and PREADDINSEL is set to 'A', the A operand should be restricted to 26 bit two's complement (and sign extended) to avoid over/underflow in the pre-add stage.
Related violations: <none>

REQP-1731#51 Warning
DSP_Abus_preadd_amult_sel_A_sign_bit_restriction  
kv260_dpu_sobel_bd_i/dpuczdx8g_0/inst/GenDpu0.u_dpu0/m_dpu_top/m_conv_top/inst_pea/u_mults/GenAddGrp[0].GenAddCh[1].GenMultOcp[4].u_mult_dsp_tree/GenMultPair[2].Gen8x8.u_mult_dsp/u_dsp/GenDsp48E2.u_dsp48e2: When using the PreAdder and AMULTSEL is set to 'AD' and PREADDINSEL is set to 'A', the A operand should be restricted to 26 bit two's complement (and sign extended) to avoid over/underflow in the pre-add stage.
Related violations: <none>

REQP-1731#52 Warning
DSP_Abus_preadd_amult_sel_A_sign_bit_restriction  
kv260_dpu_sobel_bd_i/dpuczdx8g_0/inst/GenDpu0.u_dpu0/m_dpu_top/m_conv_top/inst_pea/u_mults/GenAddGrp[0].GenAddCh[1].GenMultOcp[4].u_mult_dsp_tree/GenMultPair[3].Gen8x8.u_mult_dsp/u_dsp/GenDsp48E2.u_dsp48e2: When using the PreAdder and AMULTSEL is set to 'AD' and PREADDINSEL is set to 'A', the A operand should be restricted to 26 bit two's complement (and sign extended) to avoid over/underflow in the pre-add stage.
Related violations: <none>

REQP-1731#53 Warning
DSP_Abus_preadd_amult_sel_A_sign_bit_restriction  
kv260_dpu_sobel_bd_i/dpuczdx8g_0/inst/GenDpu0.u_dpu0/m_dpu_top/m_conv_top/inst_pea/u_mults/GenAddGrp[0].GenAddCh[1].GenMultOcp[5].u_mult_dsp_tree/GenMultPair[0].Gen8x8.u_mult_dsp/u_dsp/GenDsp48E2.u_dsp48e2: When using the PreAdder and AMULTSEL is set to 'AD' and PREADDINSEL is set to 'A', the A operand should be restricted to 26 bit two's complement (and sign extended) to avoid over/underflow in the pre-add stage.
Related violations: <none>

REQP-1731#54 Warning
DSP_Abus_preadd_amult_sel_A_sign_bit_restriction  
kv260_dpu_sobel_bd_i/dpuczdx8g_0/inst/GenDpu0.u_dpu0/m_dpu_top/m_conv_top/inst_pea/u_mults/GenAddGrp[0].GenAddCh[1].GenMultOcp[5].u_mult_dsp_tree/GenMultPair[1].Gen8x8.u_mult_dsp/u_dsp/GenDsp48E2.u_dsp48e2: When using the PreAdder and AMULTSEL is set to 'AD' and PREADDINSEL is set to 'A', the A operand should be restricted to 26 bit two's complement (and sign extended) to avoid over/underflow in the pre-add stage.
Related violations: <none>

REQP-1731#55 Warning
DSP_Abus_preadd_amult_sel_A_sign_bit_restriction  
kv260_dpu_sobel_bd_i/dpuczdx8g_0/inst/GenDpu0.u_dpu0/m_dpu_top/m_conv_top/inst_pea/u_mults/GenAddGrp[0].GenAddCh[1].GenMultOcp[5].u_mult_dsp_tree/GenMultPair[2].Gen8x8.u_mult_dsp/u_dsp/GenDsp48E2.u_dsp48e2: When using the PreAdder and AMULTSEL is set to 'AD' and PREADDINSEL is set to 'A', the A operand should be restricted to 26 bit two's complement (and sign extended) to avoid over/underflow in the pre-add stage.
Related violations: <none>

REQP-1731#56 Warning
DSP_Abus_preadd_amult_sel_A_sign_bit_restriction  
kv260_dpu_sobel_bd_i/dpuczdx8g_0/inst/GenDpu0.u_dpu0/m_dpu_top/m_conv_top/inst_pea/u_mults/GenAddGrp[0].GenAddCh[1].GenMultOcp[5].u_mult_dsp_tree/GenMultPair[3].Gen8x8.u_mult_dsp/u_dsp/GenDsp48E2.u_dsp48e2: When using the PreAdder and AMULTSEL is set to 'AD' and PREADDINSEL is set to 'A', the A operand should be restricted to 26 bit two's complement (and sign extended) to avoid over/underflow in the pre-add stage.
Related violations: <none>

REQP-1731#57 Warning
DSP_Abus_preadd_amult_sel_A_sign_bit_restriction  
kv260_dpu_sobel_bd_i/dpuczdx8g_0/inst/GenDpu0.u_dpu0/m_dpu_top/m_conv_top/inst_pea/u_mults/GenAddGrp[0].GenAddCh[1].GenMultOcp[6].u_mult_dsp_tree/GenMultPair[0].Gen8x8.u_mult_dsp/u_dsp/GenDsp48E2.u_dsp48e2: When using the PreAdder and AMULTSEL is set to 'AD' and PREADDINSEL is set to 'A', the A operand should be restricted to 26 bit two's complement (and sign extended) to avoid over/underflow in the pre-add stage.
Related violations: <none>

REQP-1731#58 Warning
DSP_Abus_preadd_amult_sel_A_sign_bit_restriction  
kv260_dpu_sobel_bd_i/dpuczdx8g_0/inst/GenDpu0.u_dpu0/m_dpu_top/m_conv_top/inst_pea/u_mults/GenAddGrp[0].GenAddCh[1].GenMultOcp[6].u_mult_dsp_tree/GenMultPair[1].Gen8x8.u_mult_dsp/u_dsp/GenDsp48E2.u_dsp48e2: When using the PreAdder and AMULTSEL is set to 'AD' and PREADDINSEL is set to 'A', the A operand should be restricted to 26 bit two's complement (and sign extended) to avoid over/underflow in the pre-add stage.
Related violations: <none>

REQP-1731#59 Warning
DSP_Abus_preadd_amult_sel_A_sign_bit_restriction  
kv260_dpu_sobel_bd_i/dpuczdx8g_0/inst/GenDpu0.u_dpu0/m_dpu_top/m_conv_top/inst_pea/u_mults/GenAddGrp[0].GenAddCh[1].GenMultOcp[6].u_mult_dsp_tree/GenMultPair[2].Gen8x8.u_mult_dsp/u_dsp/GenDsp48E2.u_dsp48e2: When using the PreAdder and AMULTSEL is set to 'AD' and PREADDINSEL is set to 'A', the A operand should be restricted to 26 bit two's complement (and sign extended) to avoid over/underflow in the pre-add stage.
Related violations: <none>

REQP-1731#60 Warning
DSP_Abus_preadd_amult_sel_A_sign_bit_restriction  
kv260_dpu_sobel_bd_i/dpuczdx8g_0/inst/GenDpu0.u_dpu0/m_dpu_top/m_conv_top/inst_pea/u_mults/GenAddGrp[0].GenAddCh[1].GenMultOcp[6].u_mult_dsp_tree/GenMultPair[3].Gen8x8.u_mult_dsp/u_dsp/GenDsp48E2.u_dsp48e2: When using the PreAdder and AMULTSEL is set to 'AD' and PREADDINSEL is set to 'A', the A operand should be restricted to 26 bit two's complement (and sign extended) to avoid over/underflow in the pre-add stage.
Related violations: <none>

REQP-1731#61 Warning
DSP_Abus_preadd_amult_sel_A_sign_bit_restriction  
kv260_dpu_sobel_bd_i/dpuczdx8g_0/inst/GenDpu0.u_dpu0/m_dpu_top/m_conv_top/inst_pea/u_mults/GenAddGrp[0].GenAddCh[1].GenMultOcp[7].u_mult_dsp_tree/GenMultPair[0].Gen8x8.u_mult_dsp/u_dsp/GenDsp48E2.u_dsp48e2: When using the PreAdder and AMULTSEL is set to 'AD' and PREADDINSEL is set to 'A', the A operand should be restricted to 26 bit two's complement (and sign extended) to avoid over/underflow in the pre-add stage.
Related violations: <none>

REQP-1731#62 Warning
DSP_Abus_preadd_amult_sel_A_sign_bit_restriction  
kv260_dpu_sobel_bd_i/dpuczdx8g_0/inst/GenDpu0.u_dpu0/m_dpu_top/m_conv_top/inst_pea/u_mults/GenAddGrp[0].GenAddCh[1].GenMultOcp[7].u_mult_dsp_tree/GenMultPair[1].Gen8x8.u_mult_dsp/u_dsp/GenDsp48E2.u_dsp48e2: When using the PreAdder and AMULTSEL is set to 'AD' and PREADDINSEL is set to 'A', the A operand should be restricted to 26 bit two's complement (and sign extended) to avoid over/underflow in the pre-add stage.
Related violations: <none>

REQP-1731#63 Warning
DSP_Abus_preadd_amult_sel_A_sign_bit_restriction  
kv260_dpu_sobel_bd_i/dpuczdx8g_0/inst/GenDpu0.u_dpu0/m_dpu_top/m_conv_top/inst_pea/u_mults/GenAddGrp[0].GenAddCh[1].GenMultOcp[7].u_mult_dsp_tree/GenMultPair[2].Gen8x8.u_mult_dsp/u_dsp/GenDsp48E2.u_dsp48e2: When using the PreAdder and AMULTSEL is set to 'AD' and PREADDINSEL is set to 'A', the A operand should be restricted to 26 bit two's complement (and sign extended) to avoid over/underflow in the pre-add stage.
Related violations: <none>

REQP-1731#64 Warning
DSP_Abus_preadd_amult_sel_A_sign_bit_restriction  
kv260_dpu_sobel_bd_i/dpuczdx8g_0/inst/GenDpu0.u_dpu0/m_dpu_top/m_conv_top/inst_pea/u_mults/GenAddGrp[0].GenAddCh[1].GenMultOcp[7].u_mult_dsp_tree/GenMultPair[3].Gen8x8.u_mult_dsp/u_dsp/GenDsp48E2.u_dsp48e2: When using the PreAdder and AMULTSEL is set to 'AD' and PREADDINSEL is set to 'A', the A operand should be restricted to 26 bit two's complement (and sign extended) to avoid over/underflow in the pre-add stage.
Related violations: <none>

REQP-1731#65 Warning
DSP_Abus_preadd_amult_sel_A_sign_bit_restriction  
kv260_dpu_sobel_bd_i/dpuczdx8g_0/inst/GenDpu0.u_dpu0/m_dpu_top/m_conv_top/inst_pea/u_mults/GenAddGrp[0].GenAddCh[2].GenMultOcp[0].u_mult_dsp_tree/GenMultPair[0].Gen8x8.u_mult_dsp/u_dsp/GenDsp48E2.u_dsp48e2: When using the PreAdder and AMULTSEL is set to 'AD' and PREADDINSEL is set to 'A', the A operand should be restricted to 26 bit two's complement (and sign extended) to avoid over/underflow in the pre-add stage.
Related violations: <none>

REQP-1731#66 Warning
DSP_Abus_preadd_amult_sel_A_sign_bit_restriction  
kv260_dpu_sobel_bd_i/dpuczdx8g_0/inst/GenDpu0.u_dpu0/m_dpu_top/m_conv_top/inst_pea/u_mults/GenAddGrp[0].GenAddCh[2].GenMultOcp[0].u_mult_dsp_tree/GenMultPair[1].Gen8x8.u_mult_dsp/u_dsp/GenDsp48E2.u_dsp48e2: When using the PreAdder and AMULTSEL is set to 'AD' and PREADDINSEL is set to 'A', the A operand should be restricted to 26 bit two's complement (and sign extended) to avoid over/underflow in the pre-add stage.
Related violations: <none>

REQP-1731#67 Warning
DSP_Abus_preadd_amult_sel_A_sign_bit_restriction  
kv260_dpu_sobel_bd_i/dpuczdx8g_0/inst/GenDpu0.u_dpu0/m_dpu_top/m_conv_top/inst_pea/u_mults/GenAddGrp[0].GenAddCh[2].GenMultOcp[0].u_mult_dsp_tree/GenMultPair[2].Gen8x8.u_mult_dsp/u_dsp/GenDsp48E2.u_dsp48e2: When using the PreAdder and AMULTSEL is set to 'AD' and PREADDINSEL is set to 'A', the A operand should be restricted to 26 bit two's complement (and sign extended) to avoid over/underflow in the pre-add stage.
Related violations: <none>

REQP-1731#68 Warning
DSP_Abus_preadd_amult_sel_A_sign_bit_restriction  
kv260_dpu_sobel_bd_i/dpuczdx8g_0/inst/GenDpu0.u_dpu0/m_dpu_top/m_conv_top/inst_pea/u_mults/GenAddGrp[0].GenAddCh[2].GenMultOcp[0].u_mult_dsp_tree/GenMultPair[3].Gen8x8.u_mult_dsp/u_dsp/GenDsp48E2.u_dsp48e2: When using the PreAdder and AMULTSEL is set to 'AD' and PREADDINSEL is set to 'A', the A operand should be restricted to 26 bit two's complement (and sign extended) to avoid over/underflow in the pre-add stage.
Related violations: <none>

REQP-1731#69 Warning
DSP_Abus_preadd_amult_sel_A_sign_bit_restriction  
kv260_dpu_sobel_bd_i/dpuczdx8g_0/inst/GenDpu0.u_dpu0/m_dpu_top/m_conv_top/inst_pea/u_mults/GenAddGrp[0].GenAddCh[2].GenMultOcp[1].u_mult_dsp_tree/GenMultPair[0].Gen8x8.u_mult_dsp/u_dsp/GenDsp48E2.u_dsp48e2: When using the PreAdder and AMULTSEL is set to 'AD' and PREADDINSEL is set to 'A', the A operand should be restricted to 26 bit two's complement (and sign extended) to avoid over/underflow in the pre-add stage.
Related violations: <none>

REQP-1731#70 Warning
DSP_Abus_preadd_amult_sel_A_sign_bit_restriction  
kv260_dpu_sobel_bd_i/dpuczdx8g_0/inst/GenDpu0.u_dpu0/m_dpu_top/m_conv_top/inst_pea/u_mults/GenAddGrp[0].GenAddCh[2].GenMultOcp[1].u_mult_dsp_tree/GenMultPair[1].Gen8x8.u_mult_dsp/u_dsp/GenDsp48E2.u_dsp48e2: When using the PreAdder and AMULTSEL is set to 'AD' and PREADDINSEL is set to 'A', the A operand should be restricted to 26 bit two's complement (and sign extended) to avoid over/underflow in the pre-add stage.
Related violations: <none>

REQP-1731#71 Warning
DSP_Abus_preadd_amult_sel_A_sign_bit_restriction  
kv260_dpu_sobel_bd_i/dpuczdx8g_0/inst/GenDpu0.u_dpu0/m_dpu_top/m_conv_top/inst_pea/u_mults/GenAddGrp[0].GenAddCh[2].GenMultOcp[1].u_mult_dsp_tree/GenMultPair[2].Gen8x8.u_mult_dsp/u_dsp/GenDsp48E2.u_dsp48e2: When using the PreAdder and AMULTSEL is set to 'AD' and PREADDINSEL is set to 'A', the A operand should be restricted to 26 bit two's complement (and sign extended) to avoid over/underflow in the pre-add stage.
Related violations: <none>

REQP-1731#72 Warning
DSP_Abus_preadd_amult_sel_A_sign_bit_restriction  
kv260_dpu_sobel_bd_i/dpuczdx8g_0/inst/GenDpu0.u_dpu0/m_dpu_top/m_conv_top/inst_pea/u_mults/GenAddGrp[0].GenAddCh[2].GenMultOcp[1].u_mult_dsp_tree/GenMultPair[3].Gen8x8.u_mult_dsp/u_dsp/GenDsp48E2.u_dsp48e2: When using the PreAdder and AMULTSEL is set to 'AD' and PREADDINSEL is set to 'A', the A operand should be restricted to 26 bit two's complement (and sign extended) to avoid over/underflow in the pre-add stage.
Related violations: <none>

REQP-1731#73 Warning
DSP_Abus_preadd_amult_sel_A_sign_bit_restriction  
kv260_dpu_sobel_bd_i/dpuczdx8g_0/inst/GenDpu0.u_dpu0/m_dpu_top/m_conv_top/inst_pea/u_mults/GenAddGrp[0].GenAddCh[2].GenMultOcp[2].u_mult_dsp_tree/GenMultPair[0].Gen8x8.u_mult_dsp/u_dsp/GenDsp48E2.u_dsp48e2: When using the PreAdder and AMULTSEL is set to 'AD' and PREADDINSEL is set to 'A', the A operand should be restricted to 26 bit two's complement (and sign extended) to avoid over/underflow in the pre-add stage.
Related violations: <none>

REQP-1731#74 Warning
DSP_Abus_preadd_amult_sel_A_sign_bit_restriction  
kv260_dpu_sobel_bd_i/dpuczdx8g_0/inst/GenDpu0.u_dpu0/m_dpu_top/m_conv_top/inst_pea/u_mults/GenAddGrp[0].GenAddCh[2].GenMultOcp[2].u_mult_dsp_tree/GenMultPair[1].Gen8x8.u_mult_dsp/u_dsp/GenDsp48E2.u_dsp48e2: When using the PreAdder and AMULTSEL is set to 'AD' and PREADDINSEL is set to 'A', the A operand should be restricted to 26 bit two's complement (and sign extended) to avoid over/underflow in the pre-add stage.
Related violations: <none>

REQP-1731#75 Warning
DSP_Abus_preadd_amult_sel_A_sign_bit_restriction  
kv260_dpu_sobel_bd_i/dpuczdx8g_0/inst/GenDpu0.u_dpu0/m_dpu_top/m_conv_top/inst_pea/u_mults/GenAddGrp[0].GenAddCh[2].GenMultOcp[2].u_mult_dsp_tree/GenMultPair[2].Gen8x8.u_mult_dsp/u_dsp/GenDsp48E2.u_dsp48e2: When using the PreAdder and AMULTSEL is set to 'AD' and PREADDINSEL is set to 'A', the A operand should be restricted to 26 bit two's complement (and sign extended) to avoid over/underflow in the pre-add stage.
Related violations: <none>

REQP-1731#76 Warning
DSP_Abus_preadd_amult_sel_A_sign_bit_restriction  
kv260_dpu_sobel_bd_i/dpuczdx8g_0/inst/GenDpu0.u_dpu0/m_dpu_top/m_conv_top/inst_pea/u_mults/GenAddGrp[0].GenAddCh[2].GenMultOcp[2].u_mult_dsp_tree/GenMultPair[3].Gen8x8.u_mult_dsp/u_dsp/GenDsp48E2.u_dsp48e2: When using the PreAdder and AMULTSEL is set to 'AD' and PREADDINSEL is set to 'A', the A operand should be restricted to 26 bit two's complement (and sign extended) to avoid over/underflow in the pre-add stage.
Related violations: <none>

REQP-1731#77 Warning
DSP_Abus_preadd_amult_sel_A_sign_bit_restriction  
kv260_dpu_sobel_bd_i/dpuczdx8g_0/inst/GenDpu0.u_dpu0/m_dpu_top/m_conv_top/inst_pea/u_mults/GenAddGrp[0].GenAddCh[2].GenMultOcp[3].u_mult_dsp_tree/GenMultPair[0].Gen8x8.u_mult_dsp/u_dsp/GenDsp48E2.u_dsp48e2: When using the PreAdder and AMULTSEL is set to 'AD' and PREADDINSEL is set to 'A', the A operand should be restricted to 26 bit two's complement (and sign extended) to avoid over/underflow in the pre-add stage.
Related violations: <none>

REQP-1731#78 Warning
DSP_Abus_preadd_amult_sel_A_sign_bit_restriction  
kv260_dpu_sobel_bd_i/dpuczdx8g_0/inst/GenDpu0.u_dpu0/m_dpu_top/m_conv_top/inst_pea/u_mults/GenAddGrp[0].GenAddCh[2].GenMultOcp[3].u_mult_dsp_tree/GenMultPair[1].Gen8x8.u_mult_dsp/u_dsp/GenDsp48E2.u_dsp48e2: When using the PreAdder and AMULTSEL is set to 'AD' and PREADDINSEL is set to 'A', the A operand should be restricted to 26 bit two's complement (and sign extended) to avoid over/underflow in the pre-add stage.
Related violations: <none>

REQP-1731#79 Warning
DSP_Abus_preadd_amult_sel_A_sign_bit_restriction  
kv260_dpu_sobel_bd_i/dpuczdx8g_0/inst/GenDpu0.u_dpu0/m_dpu_top/m_conv_top/inst_pea/u_mults/GenAddGrp[0].GenAddCh[2].GenMultOcp[3].u_mult_dsp_tree/GenMultPair[2].Gen8x8.u_mult_dsp/u_dsp/GenDsp48E2.u_dsp48e2: When using the PreAdder and AMULTSEL is set to 'AD' and PREADDINSEL is set to 'A', the A operand should be restricted to 26 bit two's complement (and sign extended) to avoid over/underflow in the pre-add stage.
Related violations: <none>

REQP-1731#80 Warning
DSP_Abus_preadd_amult_sel_A_sign_bit_restriction  
kv260_dpu_sobel_bd_i/dpuczdx8g_0/inst/GenDpu0.u_dpu0/m_dpu_top/m_conv_top/inst_pea/u_mults/GenAddGrp[0].GenAddCh[2].GenMultOcp[3].u_mult_dsp_tree/GenMultPair[3].Gen8x8.u_mult_dsp/u_dsp/GenDsp48E2.u_dsp48e2: When using the PreAdder and AMULTSEL is set to 'AD' and PREADDINSEL is set to 'A', the A operand should be restricted to 26 bit two's complement (and sign extended) to avoid over/underflow in the pre-add stage.
Related violations: <none>

REQP-1731#81 Warning
DSP_Abus_preadd_amult_sel_A_sign_bit_restriction  
kv260_dpu_sobel_bd_i/dpuczdx8g_0/inst/GenDpu0.u_dpu0/m_dpu_top/m_conv_top/inst_pea/u_mults/GenAddGrp[0].GenAddCh[2].GenMultOcp[4].u_mult_dsp_tree/GenMultPair[0].Gen8x8.u_mult_dsp/u_dsp/GenDsp48E2.u_dsp48e2: When using the PreAdder and AMULTSEL is set to 'AD' and PREADDINSEL is set to 'A', the A operand should be restricted to 26 bit two's complement (and sign extended) to avoid over/underflow in the pre-add stage.
Related violations: <none>

REQP-1731#82 Warning
DSP_Abus_preadd_amult_sel_A_sign_bit_restriction  
kv260_dpu_sobel_bd_i/dpuczdx8g_0/inst/GenDpu0.u_dpu0/m_dpu_top/m_conv_top/inst_pea/u_mults/GenAddGrp[0].GenAddCh[2].GenMultOcp[4].u_mult_dsp_tree/GenMultPair[1].Gen8x8.u_mult_dsp/u_dsp/GenDsp48E2.u_dsp48e2: When using the PreAdder and AMULTSEL is set to 'AD' and PREADDINSEL is set to 'A', the A operand should be restricted to 26 bit two's complement (and sign extended) to avoid over/underflow in the pre-add stage.
Related violations: <none>

REQP-1731#83 Warning
DSP_Abus_preadd_amult_sel_A_sign_bit_restriction  
kv260_dpu_sobel_bd_i/dpuczdx8g_0/inst/GenDpu0.u_dpu0/m_dpu_top/m_conv_top/inst_pea/u_mults/GenAddGrp[0].GenAddCh[2].GenMultOcp[4].u_mult_dsp_tree/GenMultPair[2].Gen8x8.u_mult_dsp/u_dsp/GenDsp48E2.u_dsp48e2: When using the PreAdder and AMULTSEL is set to 'AD' and PREADDINSEL is set to 'A', the A operand should be restricted to 26 bit two's complement (and sign extended) to avoid over/underflow in the pre-add stage.
Related violations: <none>

REQP-1731#84 Warning
DSP_Abus_preadd_amult_sel_A_sign_bit_restriction  
kv260_dpu_sobel_bd_i/dpuczdx8g_0/inst/GenDpu0.u_dpu0/m_dpu_top/m_conv_top/inst_pea/u_mults/GenAddGrp[0].GenAddCh[2].GenMultOcp[4].u_mult_dsp_tree/GenMultPair[3].Gen8x8.u_mult_dsp/u_dsp/GenDsp48E2.u_dsp48e2: When using the PreAdder and AMULTSEL is set to 'AD' and PREADDINSEL is set to 'A', the A operand should be restricted to 26 bit two's complement (and sign extended) to avoid over/underflow in the pre-add stage.
Related violations: <none>

REQP-1731#85 Warning
DSP_Abus_preadd_amult_sel_A_sign_bit_restriction  
kv260_dpu_sobel_bd_i/dpuczdx8g_0/inst/GenDpu0.u_dpu0/m_dpu_top/m_conv_top/inst_pea/u_mults/GenAddGrp[0].GenAddCh[2].GenMultOcp[5].u_mult_dsp_tree/GenMultPair[0].Gen8x8.u_mult_dsp/u_dsp/GenDsp48E2.u_dsp48e2: When using the PreAdder and AMULTSEL is set to 'AD' and PREADDINSEL is set to 'A', the A operand should be restricted to 26 bit two's complement (and sign extended) to avoid over/underflow in the pre-add stage.
Related violations: <none>

REQP-1731#86 Warning
DSP_Abus_preadd_amult_sel_A_sign_bit_restriction  
kv260_dpu_sobel_bd_i/dpuczdx8g_0/inst/GenDpu0.u_dpu0/m_dpu_top/m_conv_top/inst_pea/u_mults/GenAddGrp[0].GenAddCh[2].GenMultOcp[5].u_mult_dsp_tree/GenMultPair[1].Gen8x8.u_mult_dsp/u_dsp/GenDsp48E2.u_dsp48e2: When using the PreAdder and AMULTSEL is set to 'AD' and PREADDINSEL is set to 'A', the A operand should be restricted to 26 bit two's complement (and sign extended) to avoid over/underflow in the pre-add stage.
Related violations: <none>

REQP-1731#87 Warning
DSP_Abus_preadd_amult_sel_A_sign_bit_restriction  
kv260_dpu_sobel_bd_i/dpuczdx8g_0/inst/GenDpu0.u_dpu0/m_dpu_top/m_conv_top/inst_pea/u_mults/GenAddGrp[0].GenAddCh[2].GenMultOcp[5].u_mult_dsp_tree/GenMultPair[2].Gen8x8.u_mult_dsp/u_dsp/GenDsp48E2.u_dsp48e2: When using the PreAdder and AMULTSEL is set to 'AD' and PREADDINSEL is set to 'A', the A operand should be restricted to 26 bit two's complement (and sign extended) to avoid over/underflow in the pre-add stage.
Related violations: <none>

REQP-1731#88 Warning
DSP_Abus_preadd_amult_sel_A_sign_bit_restriction  
kv260_dpu_sobel_bd_i/dpuczdx8g_0/inst/GenDpu0.u_dpu0/m_dpu_top/m_conv_top/inst_pea/u_mults/GenAddGrp[0].GenAddCh[2].GenMultOcp[5].u_mult_dsp_tree/GenMultPair[3].Gen8x8.u_mult_dsp/u_dsp/GenDsp48E2.u_dsp48e2: When using the PreAdder and AMULTSEL is set to 'AD' and PREADDINSEL is set to 'A', the A operand should be restricted to 26 bit two's complement (and sign extended) to avoid over/underflow in the pre-add stage.
Related violations: <none>

REQP-1731#89 Warning
DSP_Abus_preadd_amult_sel_A_sign_bit_restriction  
kv260_dpu_sobel_bd_i/dpuczdx8g_0/inst/GenDpu0.u_dpu0/m_dpu_top/m_conv_top/inst_pea/u_mults/GenAddGrp[0].GenAddCh[2].GenMultOcp[6].u_mult_dsp_tree/GenMultPair[0].Gen8x8.u_mult_dsp/u_dsp/GenDsp48E2.u_dsp48e2: When using the PreAdder and AMULTSEL is set to 'AD' and PREADDINSEL is set to 'A', the A operand should be restricted to 26 bit two's complement (and sign extended) to avoid over/underflow in the pre-add stage.
Related violations: <none>

REQP-1731#90 Warning
DSP_Abus_preadd_amult_sel_A_sign_bit_restriction  
kv260_dpu_sobel_bd_i/dpuczdx8g_0/inst/GenDpu0.u_dpu0/m_dpu_top/m_conv_top/inst_pea/u_mults/GenAddGrp[0].GenAddCh[2].GenMultOcp[6].u_mult_dsp_tree/GenMultPair[1].Gen8x8.u_mult_dsp/u_dsp/GenDsp48E2.u_dsp48e2: When using the PreAdder and AMULTSEL is set to 'AD' and PREADDINSEL is set to 'A', the A operand should be restricted to 26 bit two's complement (and sign extended) to avoid over/underflow in the pre-add stage.
Related violations: <none>

REQP-1731#91 Warning
DSP_Abus_preadd_amult_sel_A_sign_bit_restriction  
kv260_dpu_sobel_bd_i/dpuczdx8g_0/inst/GenDpu0.u_dpu0/m_dpu_top/m_conv_top/inst_pea/u_mults/GenAddGrp[0].GenAddCh[2].GenMultOcp[6].u_mult_dsp_tree/GenMultPair[2].Gen8x8.u_mult_dsp/u_dsp/GenDsp48E2.u_dsp48e2: When using the PreAdder and AMULTSEL is set to 'AD' and PREADDINSEL is set to 'A', the A operand should be restricted to 26 bit two's complement (and sign extended) to avoid over/underflow in the pre-add stage.
Related violations: <none>

REQP-1731#92 Warning
DSP_Abus_preadd_amult_sel_A_sign_bit_restriction  
kv260_dpu_sobel_bd_i/dpuczdx8g_0/inst/GenDpu0.u_dpu0/m_dpu_top/m_conv_top/inst_pea/u_mults/GenAddGrp[0].GenAddCh[2].GenMultOcp[6].u_mult_dsp_tree/GenMultPair[3].Gen8x8.u_mult_dsp/u_dsp/GenDsp48E2.u_dsp48e2: When using the PreAdder and AMULTSEL is set to 'AD' and PREADDINSEL is set to 'A', the A operand should be restricted to 26 bit two's complement (and sign extended) to avoid over/underflow in the pre-add stage.
Related violations: <none>

REQP-1731#93 Warning
DSP_Abus_preadd_amult_sel_A_sign_bit_restriction  
kv260_dpu_sobel_bd_i/dpuczdx8g_0/inst/GenDpu0.u_dpu0/m_dpu_top/m_conv_top/inst_pea/u_mults/GenAddGrp[0].GenAddCh[2].GenMultOcp[7].u_mult_dsp_tree/GenMultPair[0].Gen8x8.u_mult_dsp/u_dsp/GenDsp48E2.u_dsp48e2: When using the PreAdder and AMULTSEL is set to 'AD' and PREADDINSEL is set to 'A', the A operand should be restricted to 26 bit two's complement (and sign extended) to avoid over/underflow in the pre-add stage.
Related violations: <none>

REQP-1731#94 Warning
DSP_Abus_preadd_amult_sel_A_sign_bit_restriction  
kv260_dpu_sobel_bd_i/dpuczdx8g_0/inst/GenDpu0.u_dpu0/m_dpu_top/m_conv_top/inst_pea/u_mults/GenAddGrp[0].GenAddCh[2].GenMultOcp[7].u_mult_dsp_tree/GenMultPair[1].Gen8x8.u_mult_dsp/u_dsp/GenDsp48E2.u_dsp48e2: When using the PreAdder and AMULTSEL is set to 'AD' and PREADDINSEL is set to 'A', the A operand should be restricted to 26 bit two's complement (and sign extended) to avoid over/underflow in the pre-add stage.
Related violations: <none>

REQP-1731#95 Warning
DSP_Abus_preadd_amult_sel_A_sign_bit_restriction  
kv260_dpu_sobel_bd_i/dpuczdx8g_0/inst/GenDpu0.u_dpu0/m_dpu_top/m_conv_top/inst_pea/u_mults/GenAddGrp[0].GenAddCh[2].GenMultOcp[7].u_mult_dsp_tree/GenMultPair[2].Gen8x8.u_mult_dsp/u_dsp/GenDsp48E2.u_dsp48e2: When using the PreAdder and AMULTSEL is set to 'AD' and PREADDINSEL is set to 'A', the A operand should be restricted to 26 bit two's complement (and sign extended) to avoid over/underflow in the pre-add stage.
Related violations: <none>

REQP-1731#96 Warning
DSP_Abus_preadd_amult_sel_A_sign_bit_restriction  
kv260_dpu_sobel_bd_i/dpuczdx8g_0/inst/GenDpu0.u_dpu0/m_dpu_top/m_conv_top/inst_pea/u_mults/GenAddGrp[0].GenAddCh[2].GenMultOcp[7].u_mult_dsp_tree/GenMultPair[3].Gen8x8.u_mult_dsp/u_dsp/GenDsp48E2.u_dsp48e2: When using the PreAdder and AMULTSEL is set to 'AD' and PREADDINSEL is set to 'A', the A operand should be restricted to 26 bit two's complement (and sign extended) to avoid over/underflow in the pre-add stage.
Related violations: <none>

REQP-1731#97 Warning
DSP_Abus_preadd_amult_sel_A_sign_bit_restriction  
kv260_dpu_sobel_bd_i/dpuczdx8g_0/inst/GenDpu0.u_dpu0/m_dpu_top/m_conv_top/inst_pea/u_mults/GenAddGrp[0].GenAddCh[3].GenMultOcp[0].u_mult_dsp_tree/GenMultPair[0].Gen8x8.u_mult_dsp/u_dsp/GenDsp48E2.u_dsp48e2: When using the PreAdder and AMULTSEL is set to 'AD' and PREADDINSEL is set to 'A', the A operand should be restricted to 26 bit two's complement (and sign extended) to avoid over/underflow in the pre-add stage.
Related violations: <none>

REQP-1731#98 Warning
DSP_Abus_preadd_amult_sel_A_sign_bit_restriction  
kv260_dpu_sobel_bd_i/dpuczdx8g_0/inst/GenDpu0.u_dpu0/m_dpu_top/m_conv_top/inst_pea/u_mults/GenAddGrp[0].GenAddCh[3].GenMultOcp[0].u_mult_dsp_tree/GenMultPair[1].Gen8x8.u_mult_dsp/u_dsp/GenDsp48E2.u_dsp48e2: When using the PreAdder and AMULTSEL is set to 'AD' and PREADDINSEL is set to 'A', the A operand should be restricted to 26 bit two's complement (and sign extended) to avoid over/underflow in the pre-add stage.
Related violations: <none>

REQP-1731#99 Warning
DSP_Abus_preadd_amult_sel_A_sign_bit_restriction  
kv260_dpu_sobel_bd_i/dpuczdx8g_0/inst/GenDpu0.u_dpu0/m_dpu_top/m_conv_top/inst_pea/u_mults/GenAddGrp[0].GenAddCh[3].GenMultOcp[0].u_mult_dsp_tree/GenMultPair[2].Gen8x8.u_mult_dsp/u_dsp/GenDsp48E2.u_dsp48e2: When using the PreAdder and AMULTSEL is set to 'AD' and PREADDINSEL is set to 'A', the A operand should be restricted to 26 bit two's complement (and sign extended) to avoid over/underflow in the pre-add stage.
Related violations: <none>

REQP-1731#100 Warning
DSP_Abus_preadd_amult_sel_A_sign_bit_restriction  
kv260_dpu_sobel_bd_i/dpuczdx8g_0/inst/GenDpu0.u_dpu0/m_dpu_top/m_conv_top/inst_pea/u_mults/GenAddGrp[0].GenAddCh[3].GenMultOcp[0].u_mult_dsp_tree/GenMultPair[3].Gen8x8.u_mult_dsp/u_dsp/GenDsp48E2.u_dsp48e2: When using the PreAdder and AMULTSEL is set to 'AD' and PREADDINSEL is set to 'A', the A operand should be restricted to 26 bit two's complement (and sign extended) to avoid over/underflow in the pre-add stage.
Related violations: <none>

REQP-1731#101 Warning
DSP_Abus_preadd_amult_sel_A_sign_bit_restriction  
kv260_dpu_sobel_bd_i/dpuczdx8g_0/inst/GenDpu0.u_dpu0/m_dpu_top/m_conv_top/inst_pea/u_mults/GenAddGrp[0].GenAddCh[3].GenMultOcp[1].u_mult_dsp_tree/GenMultPair[0].Gen8x8.u_mult_dsp/u_dsp/GenDsp48E2.u_dsp48e2: When using the PreAdder and AMULTSEL is set to 'AD' and PREADDINSEL is set to 'A', the A operand should be restricted to 26 bit two's complement (and sign extended) to avoid over/underflow in the pre-add stage.
Related violations: <none>

REQP-1731#102 Warning
DSP_Abus_preadd_amult_sel_A_sign_bit_restriction  
kv260_dpu_sobel_bd_i/dpuczdx8g_0/inst/GenDpu0.u_dpu0/m_dpu_top/m_conv_top/inst_pea/u_mults/GenAddGrp[0].GenAddCh[3].GenMultOcp[1].u_mult_dsp_tree/GenMultPair[1].Gen8x8.u_mult_dsp/u_dsp/GenDsp48E2.u_dsp48e2: When using the PreAdder and AMULTSEL is set to 'AD' and PREADDINSEL is set to 'A', the A operand should be restricted to 26 bit two's complement (and sign extended) to avoid over/underflow in the pre-add stage.
Related violations: <none>

REQP-1731#103 Warning
DSP_Abus_preadd_amult_sel_A_sign_bit_restriction  
kv260_dpu_sobel_bd_i/dpuczdx8g_0/inst/GenDpu0.u_dpu0/m_dpu_top/m_conv_top/inst_pea/u_mults/GenAddGrp[0].GenAddCh[3].GenMultOcp[1].u_mult_dsp_tree/GenMultPair[2].Gen8x8.u_mult_dsp/u_dsp/GenDsp48E2.u_dsp48e2: When using the PreAdder and AMULTSEL is set to 'AD' and PREADDINSEL is set to 'A', the A operand should be restricted to 26 bit two's complement (and sign extended) to avoid over/underflow in the pre-add stage.
Related violations: <none>

REQP-1731#104 Warning
DSP_Abus_preadd_amult_sel_A_sign_bit_restriction  
kv260_dpu_sobel_bd_i/dpuczdx8g_0/inst/GenDpu0.u_dpu0/m_dpu_top/m_conv_top/inst_pea/u_mults/GenAddGrp[0].GenAddCh[3].GenMultOcp[1].u_mult_dsp_tree/GenMultPair[3].Gen8x8.u_mult_dsp/u_dsp/GenDsp48E2.u_dsp48e2: When using the PreAdder and AMULTSEL is set to 'AD' and PREADDINSEL is set to 'A', the A operand should be restricted to 26 bit two's complement (and sign extended) to avoid over/underflow in the pre-add stage.
Related violations: <none>

REQP-1731#105 Warning
DSP_Abus_preadd_amult_sel_A_sign_bit_restriction  
kv260_dpu_sobel_bd_i/dpuczdx8g_0/inst/GenDpu0.u_dpu0/m_dpu_top/m_conv_top/inst_pea/u_mults/GenAddGrp[0].GenAddCh[3].GenMultOcp[2].u_mult_dsp_tree/GenMultPair[0].Gen8x8.u_mult_dsp/u_dsp/GenDsp48E2.u_dsp48e2: When using the PreAdder and AMULTSEL is set to 'AD' and PREADDINSEL is set to 'A', the A operand should be restricted to 26 bit two's complement (and sign extended) to avoid over/underflow in the pre-add stage.
Related violations: <none>

REQP-1731#106 Warning
DSP_Abus_preadd_amult_sel_A_sign_bit_restriction  
kv260_dpu_sobel_bd_i/dpuczdx8g_0/inst/GenDpu0.u_dpu0/m_dpu_top/m_conv_top/inst_pea/u_mults/GenAddGrp[0].GenAddCh[3].GenMultOcp[2].u_mult_dsp_tree/GenMultPair[1].Gen8x8.u_mult_dsp/u_dsp/GenDsp48E2.u_dsp48e2: When using the PreAdder and AMULTSEL is set to 'AD' and PREADDINSEL is set to 'A', the A operand should be restricted to 26 bit two's complement (and sign extended) to avoid over/underflow in the pre-add stage.
Related violations: <none>

REQP-1731#107 Warning
DSP_Abus_preadd_amult_sel_A_sign_bit_restriction  
kv260_dpu_sobel_bd_i/dpuczdx8g_0/inst/GenDpu0.u_dpu0/m_dpu_top/m_conv_top/inst_pea/u_mults/GenAddGrp[0].GenAddCh[3].GenMultOcp[2].u_mult_dsp_tree/GenMultPair[2].Gen8x8.u_mult_dsp/u_dsp/GenDsp48E2.u_dsp48e2: When using the PreAdder and AMULTSEL is set to 'AD' and PREADDINSEL is set to 'A', the A operand should be restricted to 26 bit two's complement (and sign extended) to avoid over/underflow in the pre-add stage.
Related violations: <none>

REQP-1731#108 Warning
DSP_Abus_preadd_amult_sel_A_sign_bit_restriction  
kv260_dpu_sobel_bd_i/dpuczdx8g_0/inst/GenDpu0.u_dpu0/m_dpu_top/m_conv_top/inst_pea/u_mults/GenAddGrp[0].GenAddCh[3].GenMultOcp[2].u_mult_dsp_tree/GenMultPair[3].Gen8x8.u_mult_dsp/u_dsp/GenDsp48E2.u_dsp48e2: When using the PreAdder and AMULTSEL is set to 'AD' and PREADDINSEL is set to 'A', the A operand should be restricted to 26 bit two's complement (and sign extended) to avoid over/underflow in the pre-add stage.
Related violations: <none>

REQP-1731#109 Warning
DSP_Abus_preadd_amult_sel_A_sign_bit_restriction  
kv260_dpu_sobel_bd_i/dpuczdx8g_0/inst/GenDpu0.u_dpu0/m_dpu_top/m_conv_top/inst_pea/u_mults/GenAddGrp[0].GenAddCh[3].GenMultOcp[3].u_mult_dsp_tree/GenMultPair[0].Gen8x8.u_mult_dsp/u_dsp/GenDsp48E2.u_dsp48e2: When using the PreAdder and AMULTSEL is set to 'AD' and PREADDINSEL is set to 'A', the A operand should be restricted to 26 bit two's complement (and sign extended) to avoid over/underflow in the pre-add stage.
Related violations: <none>

REQP-1731#110 Warning
DSP_Abus_preadd_amult_sel_A_sign_bit_restriction  
kv260_dpu_sobel_bd_i/dpuczdx8g_0/inst/GenDpu0.u_dpu0/m_dpu_top/m_conv_top/inst_pea/u_mults/GenAddGrp[0].GenAddCh[3].GenMultOcp[3].u_mult_dsp_tree/GenMultPair[1].Gen8x8.u_mult_dsp/u_dsp/GenDsp48E2.u_dsp48e2: When using the PreAdder and AMULTSEL is set to 'AD' and PREADDINSEL is set to 'A', the A operand should be restricted to 26 bit two's complement (and sign extended) to avoid over/underflow in the pre-add stage.
Related violations: <none>

REQP-1731#111 Warning
DSP_Abus_preadd_amult_sel_A_sign_bit_restriction  
kv260_dpu_sobel_bd_i/dpuczdx8g_0/inst/GenDpu0.u_dpu0/m_dpu_top/m_conv_top/inst_pea/u_mults/GenAddGrp[0].GenAddCh[3].GenMultOcp[3].u_mult_dsp_tree/GenMultPair[2].Gen8x8.u_mult_dsp/u_dsp/GenDsp48E2.u_dsp48e2: When using the PreAdder and AMULTSEL is set to 'AD' and PREADDINSEL is set to 'A', the A operand should be restricted to 26 bit two's complement (and sign extended) to avoid over/underflow in the pre-add stage.
Related violations: <none>

REQP-1731#112 Warning
DSP_Abus_preadd_amult_sel_A_sign_bit_restriction  
kv260_dpu_sobel_bd_i/dpuczdx8g_0/inst/GenDpu0.u_dpu0/m_dpu_top/m_conv_top/inst_pea/u_mults/GenAddGrp[0].GenAddCh[3].GenMultOcp[3].u_mult_dsp_tree/GenMultPair[3].Gen8x8.u_mult_dsp/u_dsp/GenDsp48E2.u_dsp48e2: When using the PreAdder and AMULTSEL is set to 'AD' and PREADDINSEL is set to 'A', the A operand should be restricted to 26 bit two's complement (and sign extended) to avoid over/underflow in the pre-add stage.
Related violations: <none>

REQP-1731#113 Warning
DSP_Abus_preadd_amult_sel_A_sign_bit_restriction  
kv260_dpu_sobel_bd_i/dpuczdx8g_0/inst/GenDpu0.u_dpu0/m_dpu_top/m_conv_top/inst_pea/u_mults/GenAddGrp[0].GenAddCh[3].GenMultOcp[4].u_mult_dsp_tree/GenMultPair[0].Gen8x8.u_mult_dsp/u_dsp/GenDsp48E2.u_dsp48e2: When using the PreAdder and AMULTSEL is set to 'AD' and PREADDINSEL is set to 'A', the A operand should be restricted to 26 bit two's complement (and sign extended) to avoid over/underflow in the pre-add stage.
Related violations: <none>

REQP-1731#114 Warning
DSP_Abus_preadd_amult_sel_A_sign_bit_restriction  
kv260_dpu_sobel_bd_i/dpuczdx8g_0/inst/GenDpu0.u_dpu0/m_dpu_top/m_conv_top/inst_pea/u_mults/GenAddGrp[0].GenAddCh[3].GenMultOcp[4].u_mult_dsp_tree/GenMultPair[1].Gen8x8.u_mult_dsp/u_dsp/GenDsp48E2.u_dsp48e2: When using the PreAdder and AMULTSEL is set to 'AD' and PREADDINSEL is set to 'A', the A operand should be restricted to 26 bit two's complement (and sign extended) to avoid over/underflow in the pre-add stage.
Related violations: <none>

REQP-1731#115 Warning
DSP_Abus_preadd_amult_sel_A_sign_bit_restriction  
kv260_dpu_sobel_bd_i/dpuczdx8g_0/inst/GenDpu0.u_dpu0/m_dpu_top/m_conv_top/inst_pea/u_mults/GenAddGrp[0].GenAddCh[3].GenMultOcp[4].u_mult_dsp_tree/GenMultPair[2].Gen8x8.u_mult_dsp/u_dsp/GenDsp48E2.u_dsp48e2: When using the PreAdder and AMULTSEL is set to 'AD' and PREADDINSEL is set to 'A', the A operand should be restricted to 26 bit two's complement (and sign extended) to avoid over/underflow in the pre-add stage.
Related violations: <none>

REQP-1731#116 Warning
DSP_Abus_preadd_amult_sel_A_sign_bit_restriction  
kv260_dpu_sobel_bd_i/dpuczdx8g_0/inst/GenDpu0.u_dpu0/m_dpu_top/m_conv_top/inst_pea/u_mults/GenAddGrp[0].GenAddCh[3].GenMultOcp[4].u_mult_dsp_tree/GenMultPair[3].Gen8x8.u_mult_dsp/u_dsp/GenDsp48E2.u_dsp48e2: When using the PreAdder and AMULTSEL is set to 'AD' and PREADDINSEL is set to 'A', the A operand should be restricted to 26 bit two's complement (and sign extended) to avoid over/underflow in the pre-add stage.
Related violations: <none>

REQP-1731#117 Warning
DSP_Abus_preadd_amult_sel_A_sign_bit_restriction  
kv260_dpu_sobel_bd_i/dpuczdx8g_0/inst/GenDpu0.u_dpu0/m_dpu_top/m_conv_top/inst_pea/u_mults/GenAddGrp[0].GenAddCh[3].GenMultOcp[5].u_mult_dsp_tree/GenMultPair[0].Gen8x8.u_mult_dsp/u_dsp/GenDsp48E2.u_dsp48e2: When using the PreAdder and AMULTSEL is set to 'AD' and PREADDINSEL is set to 'A', the A operand should be restricted to 26 bit two's complement (and sign extended) to avoid over/underflow in the pre-add stage.
Related violations: <none>

REQP-1731#118 Warning
DSP_Abus_preadd_amult_sel_A_sign_bit_restriction  
kv260_dpu_sobel_bd_i/dpuczdx8g_0/inst/GenDpu0.u_dpu0/m_dpu_top/m_conv_top/inst_pea/u_mults/GenAddGrp[0].GenAddCh[3].GenMultOcp[5].u_mult_dsp_tree/GenMultPair[1].Gen8x8.u_mult_dsp/u_dsp/GenDsp48E2.u_dsp48e2: When using the PreAdder and AMULTSEL is set to 'AD' and PREADDINSEL is set to 'A', the A operand should be restricted to 26 bit two's complement (and sign extended) to avoid over/underflow in the pre-add stage.
Related violations: <none>

REQP-1731#119 Warning
DSP_Abus_preadd_amult_sel_A_sign_bit_restriction  
kv260_dpu_sobel_bd_i/dpuczdx8g_0/inst/GenDpu0.u_dpu0/m_dpu_top/m_conv_top/inst_pea/u_mults/GenAddGrp[0].GenAddCh[3].GenMultOcp[5].u_mult_dsp_tree/GenMultPair[2].Gen8x8.u_mult_dsp/u_dsp/GenDsp48E2.u_dsp48e2: When using the PreAdder and AMULTSEL is set to 'AD' and PREADDINSEL is set to 'A', the A operand should be restricted to 26 bit two's complement (and sign extended) to avoid over/underflow in the pre-add stage.
Related violations: <none>

REQP-1731#120 Warning
DSP_Abus_preadd_amult_sel_A_sign_bit_restriction  
kv260_dpu_sobel_bd_i/dpuczdx8g_0/inst/GenDpu0.u_dpu0/m_dpu_top/m_conv_top/inst_pea/u_mults/GenAddGrp[0].GenAddCh[3].GenMultOcp[5].u_mult_dsp_tree/GenMultPair[3].Gen8x8.u_mult_dsp/u_dsp/GenDsp48E2.u_dsp48e2: When using the PreAdder and AMULTSEL is set to 'AD' and PREADDINSEL is set to 'A', the A operand should be restricted to 26 bit two's complement (and sign extended) to avoid over/underflow in the pre-add stage.
Related violations: <none>

REQP-1731#121 Warning
DSP_Abus_preadd_amult_sel_A_sign_bit_restriction  
kv260_dpu_sobel_bd_i/dpuczdx8g_0/inst/GenDpu0.u_dpu0/m_dpu_top/m_conv_top/inst_pea/u_mults/GenAddGrp[0].GenAddCh[3].GenMultOcp[6].u_mult_dsp_tree/GenMultPair[0].Gen8x8.u_mult_dsp/u_dsp/GenDsp48E2.u_dsp48e2: When using the PreAdder and AMULTSEL is set to 'AD' and PREADDINSEL is set to 'A', the A operand should be restricted to 26 bit two's complement (and sign extended) to avoid over/underflow in the pre-add stage.
Related violations: <none>

REQP-1731#122 Warning
DSP_Abus_preadd_amult_sel_A_sign_bit_restriction  
kv260_dpu_sobel_bd_i/dpuczdx8g_0/inst/GenDpu0.u_dpu0/m_dpu_top/m_conv_top/inst_pea/u_mults/GenAddGrp[0].GenAddCh[3].GenMultOcp[6].u_mult_dsp_tree/GenMultPair[1].Gen8x8.u_mult_dsp/u_dsp/GenDsp48E2.u_dsp48e2: When using the PreAdder and AMULTSEL is set to 'AD' and PREADDINSEL is set to 'A', the A operand should be restricted to 26 bit two's complement (and sign extended) to avoid over/underflow in the pre-add stage.
Related violations: <none>

REQP-1731#123 Warning
DSP_Abus_preadd_amult_sel_A_sign_bit_restriction  
kv260_dpu_sobel_bd_i/dpuczdx8g_0/inst/GenDpu0.u_dpu0/m_dpu_top/m_conv_top/inst_pea/u_mults/GenAddGrp[0].GenAddCh[3].GenMultOcp[6].u_mult_dsp_tree/GenMultPair[2].Gen8x8.u_mult_dsp/u_dsp/GenDsp48E2.u_dsp48e2: When using the PreAdder and AMULTSEL is set to 'AD' and PREADDINSEL is set to 'A', the A operand should be restricted to 26 bit two's complement (and sign extended) to avoid over/underflow in the pre-add stage.
Related violations: <none>

REQP-1731#124 Warning
DSP_Abus_preadd_amult_sel_A_sign_bit_restriction  
kv260_dpu_sobel_bd_i/dpuczdx8g_0/inst/GenDpu0.u_dpu0/m_dpu_top/m_conv_top/inst_pea/u_mults/GenAddGrp[0].GenAddCh[3].GenMultOcp[6].u_mult_dsp_tree/GenMultPair[3].Gen8x8.u_mult_dsp/u_dsp/GenDsp48E2.u_dsp48e2: When using the PreAdder and AMULTSEL is set to 'AD' and PREADDINSEL is set to 'A', the A operand should be restricted to 26 bit two's complement (and sign extended) to avoid over/underflow in the pre-add stage.
Related violations: <none>

REQP-1731#125 Warning
DSP_Abus_preadd_amult_sel_A_sign_bit_restriction  
kv260_dpu_sobel_bd_i/dpuczdx8g_0/inst/GenDpu0.u_dpu0/m_dpu_top/m_conv_top/inst_pea/u_mults/GenAddGrp[0].GenAddCh[3].GenMultOcp[7].u_mult_dsp_tree/GenMultPair[0].Gen8x8.u_mult_dsp/u_dsp/GenDsp48E2.u_dsp48e2: When using the PreAdder and AMULTSEL is set to 'AD' and PREADDINSEL is set to 'A', the A operand should be restricted to 26 bit two's complement (and sign extended) to avoid over/underflow in the pre-add stage.
Related violations: <none>

REQP-1731#126 Warning
DSP_Abus_preadd_amult_sel_A_sign_bit_restriction  
kv260_dpu_sobel_bd_i/dpuczdx8g_0/inst/GenDpu0.u_dpu0/m_dpu_top/m_conv_top/inst_pea/u_mults/GenAddGrp[0].GenAddCh[3].GenMultOcp[7].u_mult_dsp_tree/GenMultPair[1].Gen8x8.u_mult_dsp/u_dsp/GenDsp48E2.u_dsp48e2: When using the PreAdder and AMULTSEL is set to 'AD' and PREADDINSEL is set to 'A', the A operand should be restricted to 26 bit two's complement (and sign extended) to avoid over/underflow in the pre-add stage.
Related violations: <none>

REQP-1731#127 Warning
DSP_Abus_preadd_amult_sel_A_sign_bit_restriction  
kv260_dpu_sobel_bd_i/dpuczdx8g_0/inst/GenDpu0.u_dpu0/m_dpu_top/m_conv_top/inst_pea/u_mults/GenAddGrp[0].GenAddCh[3].GenMultOcp[7].u_mult_dsp_tree/GenMultPair[2].Gen8x8.u_mult_dsp/u_dsp/GenDsp48E2.u_dsp48e2: When using the PreAdder and AMULTSEL is set to 'AD' and PREADDINSEL is set to 'A', the A operand should be restricted to 26 bit two's complement (and sign extended) to avoid over/underflow in the pre-add stage.
Related violations: <none>

REQP-1731#128 Warning
DSP_Abus_preadd_amult_sel_A_sign_bit_restriction  
kv260_dpu_sobel_bd_i/dpuczdx8g_0/inst/GenDpu0.u_dpu0/m_dpu_top/m_conv_top/inst_pea/u_mults/GenAddGrp[0].GenAddCh[3].GenMultOcp[7].u_mult_dsp_tree/GenMultPair[3].Gen8x8.u_mult_dsp/u_dsp/GenDsp48E2.u_dsp48e2: When using the PreAdder and AMULTSEL is set to 'AD' and PREADDINSEL is set to 'A', the A operand should be restricted to 26 bit two's complement (and sign extended) to avoid over/underflow in the pre-add stage.
Related violations: <none>

REQP-1731#129 Warning
DSP_Abus_preadd_amult_sel_A_sign_bit_restriction  
kv260_dpu_sobel_bd_i/dpuczdx8g_0/inst/GenDpu0.u_dpu0/m_dpu_top/m_conv_top/inst_pea/u_mults/GenAddGrp[0].GenAddCh[4].GenMultOcp[0].u_mult_dsp_tree/GenMultPair[0].Gen8x8.u_mult_dsp/u_dsp/GenDsp48E2.u_dsp48e2: When using the PreAdder and AMULTSEL is set to 'AD' and PREADDINSEL is set to 'A', the A operand should be restricted to 26 bit two's complement (and sign extended) to avoid over/underflow in the pre-add stage.
Related violations: <none>

REQP-1731#130 Warning
DSP_Abus_preadd_amult_sel_A_sign_bit_restriction  
kv260_dpu_sobel_bd_i/dpuczdx8g_0/inst/GenDpu0.u_dpu0/m_dpu_top/m_conv_top/inst_pea/u_mults/GenAddGrp[0].GenAddCh[4].GenMultOcp[0].u_mult_dsp_tree/GenMultPair[1].Gen8x8.u_mult_dsp/u_dsp/GenDsp48E2.u_dsp48e2: When using the PreAdder and AMULTSEL is set to 'AD' and PREADDINSEL is set to 'A', the A operand should be restricted to 26 bit two's complement (and sign extended) to avoid over/underflow in the pre-add stage.
Related violations: <none>

REQP-1731#131 Warning
DSP_Abus_preadd_amult_sel_A_sign_bit_restriction  
kv260_dpu_sobel_bd_i/dpuczdx8g_0/inst/GenDpu0.u_dpu0/m_dpu_top/m_conv_top/inst_pea/u_mults/GenAddGrp[0].GenAddCh[4].GenMultOcp[0].u_mult_dsp_tree/GenMultPair[2].Gen8x8.u_mult_dsp/u_dsp/GenDsp48E2.u_dsp48e2: When using the PreAdder and AMULTSEL is set to 'AD' and PREADDINSEL is set to 'A', the A operand should be restricted to 26 bit two's complement (and sign extended) to avoid over/underflow in the pre-add stage.
Related violations: <none>

REQP-1731#132 Warning
DSP_Abus_preadd_amult_sel_A_sign_bit_restriction  
kv260_dpu_sobel_bd_i/dpuczdx8g_0/inst/GenDpu0.u_dpu0/m_dpu_top/m_conv_top/inst_pea/u_mults/GenAddGrp[0].GenAddCh[4].GenMultOcp[0].u_mult_dsp_tree/GenMultPair[3].Gen8x8.u_mult_dsp/u_dsp/GenDsp48E2.u_dsp48e2: When using the PreAdder and AMULTSEL is set to 'AD' and PREADDINSEL is set to 'A', the A operand should be restricted to 26 bit two's complement (and sign extended) to avoid over/underflow in the pre-add stage.
Related violations: <none>

REQP-1731#133 Warning
DSP_Abus_preadd_amult_sel_A_sign_bit_restriction  
kv260_dpu_sobel_bd_i/dpuczdx8g_0/inst/GenDpu0.u_dpu0/m_dpu_top/m_conv_top/inst_pea/u_mults/GenAddGrp[0].GenAddCh[4].GenMultOcp[1].u_mult_dsp_tree/GenMultPair[0].Gen8x8.u_mult_dsp/u_dsp/GenDsp48E2.u_dsp48e2: When using the PreAdder and AMULTSEL is set to 'AD' and PREADDINSEL is set to 'A', the A operand should be restricted to 26 bit two's complement (and sign extended) to avoid over/underflow in the pre-add stage.
Related violations: <none>

REQP-1731#134 Warning
DSP_Abus_preadd_amult_sel_A_sign_bit_restriction  
kv260_dpu_sobel_bd_i/dpuczdx8g_0/inst/GenDpu0.u_dpu0/m_dpu_top/m_conv_top/inst_pea/u_mults/GenAddGrp[0].GenAddCh[4].GenMultOcp[1].u_mult_dsp_tree/GenMultPair[1].Gen8x8.u_mult_dsp/u_dsp/GenDsp48E2.u_dsp48e2: When using the PreAdder and AMULTSEL is set to 'AD' and PREADDINSEL is set to 'A', the A operand should be restricted to 26 bit two's complement (and sign extended) to avoid over/underflow in the pre-add stage.
Related violations: <none>

REQP-1731#135 Warning
DSP_Abus_preadd_amult_sel_A_sign_bit_restriction  
kv260_dpu_sobel_bd_i/dpuczdx8g_0/inst/GenDpu0.u_dpu0/m_dpu_top/m_conv_top/inst_pea/u_mults/GenAddGrp[0].GenAddCh[4].GenMultOcp[1].u_mult_dsp_tree/GenMultPair[2].Gen8x8.u_mult_dsp/u_dsp/GenDsp48E2.u_dsp48e2: When using the PreAdder and AMULTSEL is set to 'AD' and PREADDINSEL is set to 'A', the A operand should be restricted to 26 bit two's complement (and sign extended) to avoid over/underflow in the pre-add stage.
Related violations: <none>

REQP-1731#136 Warning
DSP_Abus_preadd_amult_sel_A_sign_bit_restriction  
kv260_dpu_sobel_bd_i/dpuczdx8g_0/inst/GenDpu0.u_dpu0/m_dpu_top/m_conv_top/inst_pea/u_mults/GenAddGrp[0].GenAddCh[4].GenMultOcp[1].u_mult_dsp_tree/GenMultPair[3].Gen8x8.u_mult_dsp/u_dsp/GenDsp48E2.u_dsp48e2: When using the PreAdder and AMULTSEL is set to 'AD' and PREADDINSEL is set to 'A', the A operand should be restricted to 26 bit two's complement (and sign extended) to avoid over/underflow in the pre-add stage.
Related violations: <none>

REQP-1731#137 Warning
DSP_Abus_preadd_amult_sel_A_sign_bit_restriction  
kv260_dpu_sobel_bd_i/dpuczdx8g_0/inst/GenDpu0.u_dpu0/m_dpu_top/m_conv_top/inst_pea/u_mults/GenAddGrp[0].GenAddCh[4].GenMultOcp[2].u_mult_dsp_tree/GenMultPair[0].Gen8x8.u_mult_dsp/u_dsp/GenDsp48E2.u_dsp48e2: When using the PreAdder and AMULTSEL is set to 'AD' and PREADDINSEL is set to 'A', the A operand should be restricted to 26 bit two's complement (and sign extended) to avoid over/underflow in the pre-add stage.
Related violations: <none>

REQP-1731#138 Warning
DSP_Abus_preadd_amult_sel_A_sign_bit_restriction  
kv260_dpu_sobel_bd_i/dpuczdx8g_0/inst/GenDpu0.u_dpu0/m_dpu_top/m_conv_top/inst_pea/u_mults/GenAddGrp[0].GenAddCh[4].GenMultOcp[2].u_mult_dsp_tree/GenMultPair[1].Gen8x8.u_mult_dsp/u_dsp/GenDsp48E2.u_dsp48e2: When using the PreAdder and AMULTSEL is set to 'AD' and PREADDINSEL is set to 'A', the A operand should be restricted to 26 bit two's complement (and sign extended) to avoid over/underflow in the pre-add stage.
Related violations: <none>

REQP-1731#139 Warning
DSP_Abus_preadd_amult_sel_A_sign_bit_restriction  
kv260_dpu_sobel_bd_i/dpuczdx8g_0/inst/GenDpu0.u_dpu0/m_dpu_top/m_conv_top/inst_pea/u_mults/GenAddGrp[0].GenAddCh[4].GenMultOcp[2].u_mult_dsp_tree/GenMultPair[2].Gen8x8.u_mult_dsp/u_dsp/GenDsp48E2.u_dsp48e2: When using the PreAdder and AMULTSEL is set to 'AD' and PREADDINSEL is set to 'A', the A operand should be restricted to 26 bit two's complement (and sign extended) to avoid over/underflow in the pre-add stage.
Related violations: <none>

REQP-1731#140 Warning
DSP_Abus_preadd_amult_sel_A_sign_bit_restriction  
kv260_dpu_sobel_bd_i/dpuczdx8g_0/inst/GenDpu0.u_dpu0/m_dpu_top/m_conv_top/inst_pea/u_mults/GenAddGrp[0].GenAddCh[4].GenMultOcp[2].u_mult_dsp_tree/GenMultPair[3].Gen8x8.u_mult_dsp/u_dsp/GenDsp48E2.u_dsp48e2: When using the PreAdder and AMULTSEL is set to 'AD' and PREADDINSEL is set to 'A', the A operand should be restricted to 26 bit two's complement (and sign extended) to avoid over/underflow in the pre-add stage.
Related violations: <none>

REQP-1731#141 Warning
DSP_Abus_preadd_amult_sel_A_sign_bit_restriction  
kv260_dpu_sobel_bd_i/dpuczdx8g_0/inst/GenDpu0.u_dpu0/m_dpu_top/m_conv_top/inst_pea/u_mults/GenAddGrp[0].GenAddCh[4].GenMultOcp[3].u_mult_dsp_tree/GenMultPair[0].Gen8x8.u_mult_dsp/u_dsp/GenDsp48E2.u_dsp48e2: When using the PreAdder and AMULTSEL is set to 'AD' and PREADDINSEL is set to 'A', the A operand should be restricted to 26 bit two's complement (and sign extended) to avoid over/underflow in the pre-add stage.
Related violations: <none>

REQP-1731#142 Warning
DSP_Abus_preadd_amult_sel_A_sign_bit_restriction  
kv260_dpu_sobel_bd_i/dpuczdx8g_0/inst/GenDpu0.u_dpu0/m_dpu_top/m_conv_top/inst_pea/u_mults/GenAddGrp[0].GenAddCh[4].GenMultOcp[3].u_mult_dsp_tree/GenMultPair[1].Gen8x8.u_mult_dsp/u_dsp/GenDsp48E2.u_dsp48e2: When using the PreAdder and AMULTSEL is set to 'AD' and PREADDINSEL is set to 'A', the A operand should be restricted to 26 bit two's complement (and sign extended) to avoid over/underflow in the pre-add stage.
Related violations: <none>

REQP-1731#143 Warning
DSP_Abus_preadd_amult_sel_A_sign_bit_restriction  
kv260_dpu_sobel_bd_i/dpuczdx8g_0/inst/GenDpu0.u_dpu0/m_dpu_top/m_conv_top/inst_pea/u_mults/GenAddGrp[0].GenAddCh[4].GenMultOcp[3].u_mult_dsp_tree/GenMultPair[2].Gen8x8.u_mult_dsp/u_dsp/GenDsp48E2.u_dsp48e2: When using the PreAdder and AMULTSEL is set to 'AD' and PREADDINSEL is set to 'A', the A operand should be restricted to 26 bit two's complement (and sign extended) to avoid over/underflow in the pre-add stage.
Related violations: <none>

REQP-1731#144 Warning
DSP_Abus_preadd_amult_sel_A_sign_bit_restriction  
kv260_dpu_sobel_bd_i/dpuczdx8g_0/inst/GenDpu0.u_dpu0/m_dpu_top/m_conv_top/inst_pea/u_mults/GenAddGrp[0].GenAddCh[4].GenMultOcp[3].u_mult_dsp_tree/GenMultPair[3].Gen8x8.u_mult_dsp/u_dsp/GenDsp48E2.u_dsp48e2: When using the PreAdder and AMULTSEL is set to 'AD' and PREADDINSEL is set to 'A', the A operand should be restricted to 26 bit two's complement (and sign extended) to avoid over/underflow in the pre-add stage.
Related violations: <none>

REQP-1731#145 Warning
DSP_Abus_preadd_amult_sel_A_sign_bit_restriction  
kv260_dpu_sobel_bd_i/dpuczdx8g_0/inst/GenDpu0.u_dpu0/m_dpu_top/m_conv_top/inst_pea/u_mults/GenAddGrp[0].GenAddCh[4].GenMultOcp[4].u_mult_dsp_tree/GenMultPair[0].Gen8x8.u_mult_dsp/u_dsp/GenDsp48E2.u_dsp48e2: When using the PreAdder and AMULTSEL is set to 'AD' and PREADDINSEL is set to 'A', the A operand should be restricted to 26 bit two's complement (and sign extended) to avoid over/underflow in the pre-add stage.
Related violations: <none>

REQP-1731#146 Warning
DSP_Abus_preadd_amult_sel_A_sign_bit_restriction  
kv260_dpu_sobel_bd_i/dpuczdx8g_0/inst/GenDpu0.u_dpu0/m_dpu_top/m_conv_top/inst_pea/u_mults/GenAddGrp[0].GenAddCh[4].GenMultOcp[4].u_mult_dsp_tree/GenMultPair[1].Gen8x8.u_mult_dsp/u_dsp/GenDsp48E2.u_dsp48e2: When using the PreAdder and AMULTSEL is set to 'AD' and PREADDINSEL is set to 'A', the A operand should be restricted to 26 bit two's complement (and sign extended) to avoid over/underflow in the pre-add stage.
Related violations: <none>

REQP-1731#147 Warning
DSP_Abus_preadd_amult_sel_A_sign_bit_restriction  
kv260_dpu_sobel_bd_i/dpuczdx8g_0/inst/GenDpu0.u_dpu0/m_dpu_top/m_conv_top/inst_pea/u_mults/GenAddGrp[0].GenAddCh[4].GenMultOcp[4].u_mult_dsp_tree/GenMultPair[2].Gen8x8.u_mult_dsp/u_dsp/GenDsp48E2.u_dsp48e2: When using the PreAdder and AMULTSEL is set to 'AD' and PREADDINSEL is set to 'A', the A operand should be restricted to 26 bit two's complement (and sign extended) to avoid over/underflow in the pre-add stage.
Related violations: <none>

REQP-1731#148 Warning
DSP_Abus_preadd_amult_sel_A_sign_bit_restriction  
kv260_dpu_sobel_bd_i/dpuczdx8g_0/inst/GenDpu0.u_dpu0/m_dpu_top/m_conv_top/inst_pea/u_mults/GenAddGrp[0].GenAddCh[4].GenMultOcp[4].u_mult_dsp_tree/GenMultPair[3].Gen8x8.u_mult_dsp/u_dsp/GenDsp48E2.u_dsp48e2: When using the PreAdder and AMULTSEL is set to 'AD' and PREADDINSEL is set to 'A', the A operand should be restricted to 26 bit two's complement (and sign extended) to avoid over/underflow in the pre-add stage.
Related violations: <none>

REQP-1731#149 Warning
DSP_Abus_preadd_amult_sel_A_sign_bit_restriction  
kv260_dpu_sobel_bd_i/dpuczdx8g_0/inst/GenDpu0.u_dpu0/m_dpu_top/m_conv_top/inst_pea/u_mults/GenAddGrp[0].GenAddCh[4].GenMultOcp[5].u_mult_dsp_tree/GenMultPair[0].Gen8x8.u_mult_dsp/u_dsp/GenDsp48E2.u_dsp48e2: When using the PreAdder and AMULTSEL is set to 'AD' and PREADDINSEL is set to 'A', the A operand should be restricted to 26 bit two's complement (and sign extended) to avoid over/underflow in the pre-add stage.
Related violations: <none>

REQP-1731#150 Warning
DSP_Abus_preadd_amult_sel_A_sign_bit_restriction  
kv260_dpu_sobel_bd_i/dpuczdx8g_0/inst/GenDpu0.u_dpu0/m_dpu_top/m_conv_top/inst_pea/u_mults/GenAddGrp[0].GenAddCh[4].GenMultOcp[5].u_mult_dsp_tree/GenMultPair[1].Gen8x8.u_mult_dsp/u_dsp/GenDsp48E2.u_dsp48e2: When using the PreAdder and AMULTSEL is set to 'AD' and PREADDINSEL is set to 'A', the A operand should be restricted to 26 bit two's complement (and sign extended) to avoid over/underflow in the pre-add stage.
Related violations: <none>

REQP-1731#151 Warning
DSP_Abus_preadd_amult_sel_A_sign_bit_restriction  
kv260_dpu_sobel_bd_i/dpuczdx8g_0/inst/GenDpu0.u_dpu0/m_dpu_top/m_conv_top/inst_pea/u_mults/GenAddGrp[0].GenAddCh[4].GenMultOcp[5].u_mult_dsp_tree/GenMultPair[2].Gen8x8.u_mult_dsp/u_dsp/GenDsp48E2.u_dsp48e2: When using the PreAdder and AMULTSEL is set to 'AD' and PREADDINSEL is set to 'A', the A operand should be restricted to 26 bit two's complement (and sign extended) to avoid over/underflow in the pre-add stage.
Related violations: <none>

REQP-1731#152 Warning
DSP_Abus_preadd_amult_sel_A_sign_bit_restriction  
kv260_dpu_sobel_bd_i/dpuczdx8g_0/inst/GenDpu0.u_dpu0/m_dpu_top/m_conv_top/inst_pea/u_mults/GenAddGrp[0].GenAddCh[4].GenMultOcp[5].u_mult_dsp_tree/GenMultPair[3].Gen8x8.u_mult_dsp/u_dsp/GenDsp48E2.u_dsp48e2: When using the PreAdder and AMULTSEL is set to 'AD' and PREADDINSEL is set to 'A', the A operand should be restricted to 26 bit two's complement (and sign extended) to avoid over/underflow in the pre-add stage.
Related violations: <none>

REQP-1731#153 Warning
DSP_Abus_preadd_amult_sel_A_sign_bit_restriction  
kv260_dpu_sobel_bd_i/dpuczdx8g_0/inst/GenDpu0.u_dpu0/m_dpu_top/m_conv_top/inst_pea/u_mults/GenAddGrp[0].GenAddCh[4].GenMultOcp[6].u_mult_dsp_tree/GenMultPair[0].Gen8x8.u_mult_dsp/u_dsp/GenDsp48E2.u_dsp48e2: When using the PreAdder and AMULTSEL is set to 'AD' and PREADDINSEL is set to 'A', the A operand should be restricted to 26 bit two's complement (and sign extended) to avoid over/underflow in the pre-add stage.
Related violations: <none>

REQP-1731#154 Warning
DSP_Abus_preadd_amult_sel_A_sign_bit_restriction  
kv260_dpu_sobel_bd_i/dpuczdx8g_0/inst/GenDpu0.u_dpu0/m_dpu_top/m_conv_top/inst_pea/u_mults/GenAddGrp[0].GenAddCh[4].GenMultOcp[6].u_mult_dsp_tree/GenMultPair[1].Gen8x8.u_mult_dsp/u_dsp/GenDsp48E2.u_dsp48e2: When using the PreAdder and AMULTSEL is set to 'AD' and PREADDINSEL is set to 'A', the A operand should be restricted to 26 bit two's complement (and sign extended) to avoid over/underflow in the pre-add stage.
Related violations: <none>

REQP-1731#155 Warning
DSP_Abus_preadd_amult_sel_A_sign_bit_restriction  
kv260_dpu_sobel_bd_i/dpuczdx8g_0/inst/GenDpu0.u_dpu0/m_dpu_top/m_conv_top/inst_pea/u_mults/GenAddGrp[0].GenAddCh[4].GenMultOcp[6].u_mult_dsp_tree/GenMultPair[2].Gen8x8.u_mult_dsp/u_dsp/GenDsp48E2.u_dsp48e2: When using the PreAdder and AMULTSEL is set to 'AD' and PREADDINSEL is set to 'A', the A operand should be restricted to 26 bit two's complement (and sign extended) to avoid over/underflow in the pre-add stage.
Related violations: <none>

REQP-1731#156 Warning
DSP_Abus_preadd_amult_sel_A_sign_bit_restriction  
kv260_dpu_sobel_bd_i/dpuczdx8g_0/inst/GenDpu0.u_dpu0/m_dpu_top/m_conv_top/inst_pea/u_mults/GenAddGrp[0].GenAddCh[4].GenMultOcp[6].u_mult_dsp_tree/GenMultPair[3].Gen8x8.u_mult_dsp/u_dsp/GenDsp48E2.u_dsp48e2: When using the PreAdder and AMULTSEL is set to 'AD' and PREADDINSEL is set to 'A', the A operand should be restricted to 26 bit two's complement (and sign extended) to avoid over/underflow in the pre-add stage.
Related violations: <none>

REQP-1731#157 Warning
DSP_Abus_preadd_amult_sel_A_sign_bit_restriction  
kv260_dpu_sobel_bd_i/dpuczdx8g_0/inst/GenDpu0.u_dpu0/m_dpu_top/m_conv_top/inst_pea/u_mults/GenAddGrp[0].GenAddCh[4].GenMultOcp[7].u_mult_dsp_tree/GenMultPair[0].Gen8x8.u_mult_dsp/u_dsp/GenDsp48E2.u_dsp48e2: When using the PreAdder and AMULTSEL is set to 'AD' and PREADDINSEL is set to 'A', the A operand should be restricted to 26 bit two's complement (and sign extended) to avoid over/underflow in the pre-add stage.
Related violations: <none>

REQP-1731#158 Warning
DSP_Abus_preadd_amult_sel_A_sign_bit_restriction  
kv260_dpu_sobel_bd_i/dpuczdx8g_0/inst/GenDpu0.u_dpu0/m_dpu_top/m_conv_top/inst_pea/u_mults/GenAddGrp[0].GenAddCh[4].GenMultOcp[7].u_mult_dsp_tree/GenMultPair[1].Gen8x8.u_mult_dsp/u_dsp/GenDsp48E2.u_dsp48e2: When using the PreAdder and AMULTSEL is set to 'AD' and PREADDINSEL is set to 'A', the A operand should be restricted to 26 bit two's complement (and sign extended) to avoid over/underflow in the pre-add stage.
Related violations: <none>

REQP-1731#159 Warning
DSP_Abus_preadd_amult_sel_A_sign_bit_restriction  
kv260_dpu_sobel_bd_i/dpuczdx8g_0/inst/GenDpu0.u_dpu0/m_dpu_top/m_conv_top/inst_pea/u_mults/GenAddGrp[0].GenAddCh[4].GenMultOcp[7].u_mult_dsp_tree/GenMultPair[2].Gen8x8.u_mult_dsp/u_dsp/GenDsp48E2.u_dsp48e2: When using the PreAdder and AMULTSEL is set to 'AD' and PREADDINSEL is set to 'A', the A operand should be restricted to 26 bit two's complement (and sign extended) to avoid over/underflow in the pre-add stage.
Related violations: <none>

REQP-1731#160 Warning
DSP_Abus_preadd_amult_sel_A_sign_bit_restriction  
kv260_dpu_sobel_bd_i/dpuczdx8g_0/inst/GenDpu0.u_dpu0/m_dpu_top/m_conv_top/inst_pea/u_mults/GenAddGrp[0].GenAddCh[4].GenMultOcp[7].u_mult_dsp_tree/GenMultPair[3].Gen8x8.u_mult_dsp/u_dsp/GenDsp48E2.u_dsp48e2: When using the PreAdder and AMULTSEL is set to 'AD' and PREADDINSEL is set to 'A', the A operand should be restricted to 26 bit two's complement (and sign extended) to avoid over/underflow in the pre-add stage.
Related violations: <none>

REQP-1731#161 Warning
DSP_Abus_preadd_amult_sel_A_sign_bit_restriction  
kv260_dpu_sobel_bd_i/dpuczdx8g_0/inst/GenDpu0.u_dpu0/m_dpu_top/m_conv_top/inst_pea/u_mults/GenAddGrp[0].GenAddCh[5].GenMultOcp[0].u_mult_dsp_tree/GenMultPair[0].Gen8x8.u_mult_dsp/u_dsp/GenDsp48E2.u_dsp48e2: When using the PreAdder and AMULTSEL is set to 'AD' and PREADDINSEL is set to 'A', the A operand should be restricted to 26 bit two's complement (and sign extended) to avoid over/underflow in the pre-add stage.
Related violations: <none>

REQP-1731#162 Warning
DSP_Abus_preadd_amult_sel_A_sign_bit_restriction  
kv260_dpu_sobel_bd_i/dpuczdx8g_0/inst/GenDpu0.u_dpu0/m_dpu_top/m_conv_top/inst_pea/u_mults/GenAddGrp[0].GenAddCh[5].GenMultOcp[0].u_mult_dsp_tree/GenMultPair[1].Gen8x8.u_mult_dsp/u_dsp/GenDsp48E2.u_dsp48e2: When using the PreAdder and AMULTSEL is set to 'AD' and PREADDINSEL is set to 'A', the A operand should be restricted to 26 bit two's complement (and sign extended) to avoid over/underflow in the pre-add stage.
Related violations: <none>

REQP-1731#163 Warning
DSP_Abus_preadd_amult_sel_A_sign_bit_restriction  
kv260_dpu_sobel_bd_i/dpuczdx8g_0/inst/GenDpu0.u_dpu0/m_dpu_top/m_conv_top/inst_pea/u_mults/GenAddGrp[0].GenAddCh[5].GenMultOcp[0].u_mult_dsp_tree/GenMultPair[2].Gen8x8.u_mult_dsp/u_dsp/GenDsp48E2.u_dsp48e2: When using the PreAdder and AMULTSEL is set to 'AD' and PREADDINSEL is set to 'A', the A operand should be restricted to 26 bit two's complement (and sign extended) to avoid over/underflow in the pre-add stage.
Related violations: <none>

REQP-1731#164 Warning
DSP_Abus_preadd_amult_sel_A_sign_bit_restriction  
kv260_dpu_sobel_bd_i/dpuczdx8g_0/inst/GenDpu0.u_dpu0/m_dpu_top/m_conv_top/inst_pea/u_mults/GenAddGrp[0].GenAddCh[5].GenMultOcp[0].u_mult_dsp_tree/GenMultPair[3].Gen8x8.u_mult_dsp/u_dsp/GenDsp48E2.u_dsp48e2: When using the PreAdder and AMULTSEL is set to 'AD' and PREADDINSEL is set to 'A', the A operand should be restricted to 26 bit two's complement (and sign extended) to avoid over/underflow in the pre-add stage.
Related violations: <none>

REQP-1731#165 Warning
DSP_Abus_preadd_amult_sel_A_sign_bit_restriction  
kv260_dpu_sobel_bd_i/dpuczdx8g_0/inst/GenDpu0.u_dpu0/m_dpu_top/m_conv_top/inst_pea/u_mults/GenAddGrp[0].GenAddCh[5].GenMultOcp[1].u_mult_dsp_tree/GenMultPair[0].Gen8x8.u_mult_dsp/u_dsp/GenDsp48E2.u_dsp48e2: When using the PreAdder and AMULTSEL is set to 'AD' and PREADDINSEL is set to 'A', the A operand should be restricted to 26 bit two's complement (and sign extended) to avoid over/underflow in the pre-add stage.
Related violations: <none>

REQP-1731#166 Warning
DSP_Abus_preadd_amult_sel_A_sign_bit_restriction  
kv260_dpu_sobel_bd_i/dpuczdx8g_0/inst/GenDpu0.u_dpu0/m_dpu_top/m_conv_top/inst_pea/u_mults/GenAddGrp[0].GenAddCh[5].GenMultOcp[1].u_mult_dsp_tree/GenMultPair[1].Gen8x8.u_mult_dsp/u_dsp/GenDsp48E2.u_dsp48e2: When using the PreAdder and AMULTSEL is set to 'AD' and PREADDINSEL is set to 'A', the A operand should be restricted to 26 bit two's complement (and sign extended) to avoid over/underflow in the pre-add stage.
Related violations: <none>

REQP-1731#167 Warning
DSP_Abus_preadd_amult_sel_A_sign_bit_restriction  
kv260_dpu_sobel_bd_i/dpuczdx8g_0/inst/GenDpu0.u_dpu0/m_dpu_top/m_conv_top/inst_pea/u_mults/GenAddGrp[0].GenAddCh[5].GenMultOcp[1].u_mult_dsp_tree/GenMultPair[2].Gen8x8.u_mult_dsp/u_dsp/GenDsp48E2.u_dsp48e2: When using the PreAdder and AMULTSEL is set to 'AD' and PREADDINSEL is set to 'A', the A operand should be restricted to 26 bit two's complement (and sign extended) to avoid over/underflow in the pre-add stage.
Related violations: <none>

REQP-1731#168 Warning
DSP_Abus_preadd_amult_sel_A_sign_bit_restriction  
kv260_dpu_sobel_bd_i/dpuczdx8g_0/inst/GenDpu0.u_dpu0/m_dpu_top/m_conv_top/inst_pea/u_mults/GenAddGrp[0].GenAddCh[5].GenMultOcp[1].u_mult_dsp_tree/GenMultPair[3].Gen8x8.u_mult_dsp/u_dsp/GenDsp48E2.u_dsp48e2: When using the PreAdder and AMULTSEL is set to 'AD' and PREADDINSEL is set to 'A', the A operand should be restricted to 26 bit two's complement (and sign extended) to avoid over/underflow in the pre-add stage.
Related violations: <none>

REQP-1731#169 Warning
DSP_Abus_preadd_amult_sel_A_sign_bit_restriction  
kv260_dpu_sobel_bd_i/dpuczdx8g_0/inst/GenDpu0.u_dpu0/m_dpu_top/m_conv_top/inst_pea/u_mults/GenAddGrp[0].GenAddCh[5].GenMultOcp[2].u_mult_dsp_tree/GenMultPair[0].Gen8x8.u_mult_dsp/u_dsp/GenDsp48E2.u_dsp48e2: When using the PreAdder and AMULTSEL is set to 'AD' and PREADDINSEL is set to 'A', the A operand should be restricted to 26 bit two's complement (and sign extended) to avoid over/underflow in the pre-add stage.
Related violations: <none>

REQP-1731#170 Warning
DSP_Abus_preadd_amult_sel_A_sign_bit_restriction  
kv260_dpu_sobel_bd_i/dpuczdx8g_0/inst/GenDpu0.u_dpu0/m_dpu_top/m_conv_top/inst_pea/u_mults/GenAddGrp[0].GenAddCh[5].GenMultOcp[2].u_mult_dsp_tree/GenMultPair[1].Gen8x8.u_mult_dsp/u_dsp/GenDsp48E2.u_dsp48e2: When using the PreAdder and AMULTSEL is set to 'AD' and PREADDINSEL is set to 'A', the A operand should be restricted to 26 bit two's complement (and sign extended) to avoid over/underflow in the pre-add stage.
Related violations: <none>

REQP-1731#171 Warning
DSP_Abus_preadd_amult_sel_A_sign_bit_restriction  
kv260_dpu_sobel_bd_i/dpuczdx8g_0/inst/GenDpu0.u_dpu0/m_dpu_top/m_conv_top/inst_pea/u_mults/GenAddGrp[0].GenAddCh[5].GenMultOcp[2].u_mult_dsp_tree/GenMultPair[2].Gen8x8.u_mult_dsp/u_dsp/GenDsp48E2.u_dsp48e2: When using the PreAdder and AMULTSEL is set to 'AD' and PREADDINSEL is set to 'A', the A operand should be restricted to 26 bit two's complement (and sign extended) to avoid over/underflow in the pre-add stage.
Related violations: <none>

REQP-1731#172 Warning
DSP_Abus_preadd_amult_sel_A_sign_bit_restriction  
kv260_dpu_sobel_bd_i/dpuczdx8g_0/inst/GenDpu0.u_dpu0/m_dpu_top/m_conv_top/inst_pea/u_mults/GenAddGrp[0].GenAddCh[5].GenMultOcp[2].u_mult_dsp_tree/GenMultPair[3].Gen8x8.u_mult_dsp/u_dsp/GenDsp48E2.u_dsp48e2: When using the PreAdder and AMULTSEL is set to 'AD' and PREADDINSEL is set to 'A', the A operand should be restricted to 26 bit two's complement (and sign extended) to avoid over/underflow in the pre-add stage.
Related violations: <none>

REQP-1731#173 Warning
DSP_Abus_preadd_amult_sel_A_sign_bit_restriction  
kv260_dpu_sobel_bd_i/dpuczdx8g_0/inst/GenDpu0.u_dpu0/m_dpu_top/m_conv_top/inst_pea/u_mults/GenAddGrp[0].GenAddCh[5].GenMultOcp[3].u_mult_dsp_tree/GenMultPair[0].Gen8x8.u_mult_dsp/u_dsp/GenDsp48E2.u_dsp48e2: When using the PreAdder and AMULTSEL is set to 'AD' and PREADDINSEL is set to 'A', the A operand should be restricted to 26 bit two's complement (and sign extended) to avoid over/underflow in the pre-add stage.
Related violations: <none>

REQP-1731#174 Warning
DSP_Abus_preadd_amult_sel_A_sign_bit_restriction  
kv260_dpu_sobel_bd_i/dpuczdx8g_0/inst/GenDpu0.u_dpu0/m_dpu_top/m_conv_top/inst_pea/u_mults/GenAddGrp[0].GenAddCh[5].GenMultOcp[3].u_mult_dsp_tree/GenMultPair[1].Gen8x8.u_mult_dsp/u_dsp/GenDsp48E2.u_dsp48e2: When using the PreAdder and AMULTSEL is set to 'AD' and PREADDINSEL is set to 'A', the A operand should be restricted to 26 bit two's complement (and sign extended) to avoid over/underflow in the pre-add stage.
Related violations: <none>

REQP-1731#175 Warning
DSP_Abus_preadd_amult_sel_A_sign_bit_restriction  
kv260_dpu_sobel_bd_i/dpuczdx8g_0/inst/GenDpu0.u_dpu0/m_dpu_top/m_conv_top/inst_pea/u_mults/GenAddGrp[0].GenAddCh[5].GenMultOcp[3].u_mult_dsp_tree/GenMultPair[2].Gen8x8.u_mult_dsp/u_dsp/GenDsp48E2.u_dsp48e2: When using the PreAdder and AMULTSEL is set to 'AD' and PREADDINSEL is set to 'A', the A operand should be restricted to 26 bit two's complement (and sign extended) to avoid over/underflow in the pre-add stage.
Related violations: <none>

REQP-1731#176 Warning
DSP_Abus_preadd_amult_sel_A_sign_bit_restriction  
kv260_dpu_sobel_bd_i/dpuczdx8g_0/inst/GenDpu0.u_dpu0/m_dpu_top/m_conv_top/inst_pea/u_mults/GenAddGrp[0].GenAddCh[5].GenMultOcp[3].u_mult_dsp_tree/GenMultPair[3].Gen8x8.u_mult_dsp/u_dsp/GenDsp48E2.u_dsp48e2: When using the PreAdder and AMULTSEL is set to 'AD' and PREADDINSEL is set to 'A', the A operand should be restricted to 26 bit two's complement (and sign extended) to avoid over/underflow in the pre-add stage.
Related violations: <none>

REQP-1731#177 Warning
DSP_Abus_preadd_amult_sel_A_sign_bit_restriction  
kv260_dpu_sobel_bd_i/dpuczdx8g_0/inst/GenDpu0.u_dpu0/m_dpu_top/m_conv_top/inst_pea/u_mults/GenAddGrp[0].GenAddCh[5].GenMultOcp[4].u_mult_dsp_tree/GenMultPair[0].Gen8x8.u_mult_dsp/u_dsp/GenDsp48E2.u_dsp48e2: When using the PreAdder and AMULTSEL is set to 'AD' and PREADDINSEL is set to 'A', the A operand should be restricted to 26 bit two's complement (and sign extended) to avoid over/underflow in the pre-add stage.
Related violations: <none>

REQP-1731#178 Warning
DSP_Abus_preadd_amult_sel_A_sign_bit_restriction  
kv260_dpu_sobel_bd_i/dpuczdx8g_0/inst/GenDpu0.u_dpu0/m_dpu_top/m_conv_top/inst_pea/u_mults/GenAddGrp[0].GenAddCh[5].GenMultOcp[4].u_mult_dsp_tree/GenMultPair[1].Gen8x8.u_mult_dsp/u_dsp/GenDsp48E2.u_dsp48e2: When using the PreAdder and AMULTSEL is set to 'AD' and PREADDINSEL is set to 'A', the A operand should be restricted to 26 bit two's complement (and sign extended) to avoid over/underflow in the pre-add stage.
Related violations: <none>

REQP-1731#179 Warning
DSP_Abus_preadd_amult_sel_A_sign_bit_restriction  
kv260_dpu_sobel_bd_i/dpuczdx8g_0/inst/GenDpu0.u_dpu0/m_dpu_top/m_conv_top/inst_pea/u_mults/GenAddGrp[0].GenAddCh[5].GenMultOcp[4].u_mult_dsp_tree/GenMultPair[2].Gen8x8.u_mult_dsp/u_dsp/GenDsp48E2.u_dsp48e2: When using the PreAdder and AMULTSEL is set to 'AD' and PREADDINSEL is set to 'A', the A operand should be restricted to 26 bit two's complement (and sign extended) to avoid over/underflow in the pre-add stage.
Related violations: <none>

REQP-1731#180 Warning
DSP_Abus_preadd_amult_sel_A_sign_bit_restriction  
kv260_dpu_sobel_bd_i/dpuczdx8g_0/inst/GenDpu0.u_dpu0/m_dpu_top/m_conv_top/inst_pea/u_mults/GenAddGrp[0].GenAddCh[5].GenMultOcp[4].u_mult_dsp_tree/GenMultPair[3].Gen8x8.u_mult_dsp/u_dsp/GenDsp48E2.u_dsp48e2: When using the PreAdder and AMULTSEL is set to 'AD' and PREADDINSEL is set to 'A', the A operand should be restricted to 26 bit two's complement (and sign extended) to avoid over/underflow in the pre-add stage.
Related violations: <none>

REQP-1731#181 Warning
DSP_Abus_preadd_amult_sel_A_sign_bit_restriction  
kv260_dpu_sobel_bd_i/dpuczdx8g_0/inst/GenDpu0.u_dpu0/m_dpu_top/m_conv_top/inst_pea/u_mults/GenAddGrp[0].GenAddCh[5].GenMultOcp[5].u_mult_dsp_tree/GenMultPair[0].Gen8x8.u_mult_dsp/u_dsp/GenDsp48E2.u_dsp48e2: When using the PreAdder and AMULTSEL is set to 'AD' and PREADDINSEL is set to 'A', the A operand should be restricted to 26 bit two's complement (and sign extended) to avoid over/underflow in the pre-add stage.
Related violations: <none>

REQP-1731#182 Warning
DSP_Abus_preadd_amult_sel_A_sign_bit_restriction  
kv260_dpu_sobel_bd_i/dpuczdx8g_0/inst/GenDpu0.u_dpu0/m_dpu_top/m_conv_top/inst_pea/u_mults/GenAddGrp[0].GenAddCh[5].GenMultOcp[5].u_mult_dsp_tree/GenMultPair[1].Gen8x8.u_mult_dsp/u_dsp/GenDsp48E2.u_dsp48e2: When using the PreAdder and AMULTSEL is set to 'AD' and PREADDINSEL is set to 'A', the A operand should be restricted to 26 bit two's complement (and sign extended) to avoid over/underflow in the pre-add stage.
Related violations: <none>

REQP-1731#183 Warning
DSP_Abus_preadd_amult_sel_A_sign_bit_restriction  
kv260_dpu_sobel_bd_i/dpuczdx8g_0/inst/GenDpu0.u_dpu0/m_dpu_top/m_conv_top/inst_pea/u_mults/GenAddGrp[0].GenAddCh[5].GenMultOcp[5].u_mult_dsp_tree/GenMultPair[2].Gen8x8.u_mult_dsp/u_dsp/GenDsp48E2.u_dsp48e2: When using the PreAdder and AMULTSEL is set to 'AD' and PREADDINSEL is set to 'A', the A operand should be restricted to 26 bit two's complement (and sign extended) to avoid over/underflow in the pre-add stage.
Related violations: <none>

REQP-1731#184 Warning
DSP_Abus_preadd_amult_sel_A_sign_bit_restriction  
kv260_dpu_sobel_bd_i/dpuczdx8g_0/inst/GenDpu0.u_dpu0/m_dpu_top/m_conv_top/inst_pea/u_mults/GenAddGrp[0].GenAddCh[5].GenMultOcp[5].u_mult_dsp_tree/GenMultPair[3].Gen8x8.u_mult_dsp/u_dsp/GenDsp48E2.u_dsp48e2: When using the PreAdder and AMULTSEL is set to 'AD' and PREADDINSEL is set to 'A', the A operand should be restricted to 26 bit two's complement (and sign extended) to avoid over/underflow in the pre-add stage.
Related violations: <none>

REQP-1731#185 Warning
DSP_Abus_preadd_amult_sel_A_sign_bit_restriction  
kv260_dpu_sobel_bd_i/dpuczdx8g_0/inst/GenDpu0.u_dpu0/m_dpu_top/m_conv_top/inst_pea/u_mults/GenAddGrp[0].GenAddCh[5].GenMultOcp[6].u_mult_dsp_tree/GenMultPair[0].Gen8x8.u_mult_dsp/u_dsp/GenDsp48E2.u_dsp48e2: When using the PreAdder and AMULTSEL is set to 'AD' and PREADDINSEL is set to 'A', the A operand should be restricted to 26 bit two's complement (and sign extended) to avoid over/underflow in the pre-add stage.
Related violations: <none>

REQP-1731#186 Warning
DSP_Abus_preadd_amult_sel_A_sign_bit_restriction  
kv260_dpu_sobel_bd_i/dpuczdx8g_0/inst/GenDpu0.u_dpu0/m_dpu_top/m_conv_top/inst_pea/u_mults/GenAddGrp[0].GenAddCh[5].GenMultOcp[6].u_mult_dsp_tree/GenMultPair[1].Gen8x8.u_mult_dsp/u_dsp/GenDsp48E2.u_dsp48e2: When using the PreAdder and AMULTSEL is set to 'AD' and PREADDINSEL is set to 'A', the A operand should be restricted to 26 bit two's complement (and sign extended) to avoid over/underflow in the pre-add stage.
Related violations: <none>

REQP-1731#187 Warning
DSP_Abus_preadd_amult_sel_A_sign_bit_restriction  
kv260_dpu_sobel_bd_i/dpuczdx8g_0/inst/GenDpu0.u_dpu0/m_dpu_top/m_conv_top/inst_pea/u_mults/GenAddGrp[0].GenAddCh[5].GenMultOcp[6].u_mult_dsp_tree/GenMultPair[2].Gen8x8.u_mult_dsp/u_dsp/GenDsp48E2.u_dsp48e2: When using the PreAdder and AMULTSEL is set to 'AD' and PREADDINSEL is set to 'A', the A operand should be restricted to 26 bit two's complement (and sign extended) to avoid over/underflow in the pre-add stage.
Related violations: <none>

REQP-1731#188 Warning
DSP_Abus_preadd_amult_sel_A_sign_bit_restriction  
kv260_dpu_sobel_bd_i/dpuczdx8g_0/inst/GenDpu0.u_dpu0/m_dpu_top/m_conv_top/inst_pea/u_mults/GenAddGrp[0].GenAddCh[5].GenMultOcp[6].u_mult_dsp_tree/GenMultPair[3].Gen8x8.u_mult_dsp/u_dsp/GenDsp48E2.u_dsp48e2: When using the PreAdder and AMULTSEL is set to 'AD' and PREADDINSEL is set to 'A', the A operand should be restricted to 26 bit two's complement (and sign extended) to avoid over/underflow in the pre-add stage.
Related violations: <none>

REQP-1731#189 Warning
DSP_Abus_preadd_amult_sel_A_sign_bit_restriction  
kv260_dpu_sobel_bd_i/dpuczdx8g_0/inst/GenDpu0.u_dpu0/m_dpu_top/m_conv_top/inst_pea/u_mults/GenAddGrp[0].GenAddCh[5].GenMultOcp[7].u_mult_dsp_tree/GenMultPair[0].Gen8x8.u_mult_dsp/u_dsp/GenDsp48E2.u_dsp48e2: When using the PreAdder and AMULTSEL is set to 'AD' and PREADDINSEL is set to 'A', the A operand should be restricted to 26 bit two's complement (and sign extended) to avoid over/underflow in the pre-add stage.
Related violations: <none>

REQP-1731#190 Warning
DSP_Abus_preadd_amult_sel_A_sign_bit_restriction  
kv260_dpu_sobel_bd_i/dpuczdx8g_0/inst/GenDpu0.u_dpu0/m_dpu_top/m_conv_top/inst_pea/u_mults/GenAddGrp[0].GenAddCh[5].GenMultOcp[7].u_mult_dsp_tree/GenMultPair[1].Gen8x8.u_mult_dsp/u_dsp/GenDsp48E2.u_dsp48e2: When using the PreAdder and AMULTSEL is set to 'AD' and PREADDINSEL is set to 'A', the A operand should be restricted to 26 bit two's complement (and sign extended) to avoid over/underflow in the pre-add stage.
Related violations: <none>

REQP-1731#191 Warning
DSP_Abus_preadd_amult_sel_A_sign_bit_restriction  
kv260_dpu_sobel_bd_i/dpuczdx8g_0/inst/GenDpu0.u_dpu0/m_dpu_top/m_conv_top/inst_pea/u_mults/GenAddGrp[0].GenAddCh[5].GenMultOcp[7].u_mult_dsp_tree/GenMultPair[2].Gen8x8.u_mult_dsp/u_dsp/GenDsp48E2.u_dsp48e2: When using the PreAdder and AMULTSEL is set to 'AD' and PREADDINSEL is set to 'A', the A operand should be restricted to 26 bit two's complement (and sign extended) to avoid over/underflow in the pre-add stage.
Related violations: <none>

REQP-1731#192 Warning
DSP_Abus_preadd_amult_sel_A_sign_bit_restriction  
kv260_dpu_sobel_bd_i/dpuczdx8g_0/inst/GenDpu0.u_dpu0/m_dpu_top/m_conv_top/inst_pea/u_mults/GenAddGrp[0].GenAddCh[5].GenMultOcp[7].u_mult_dsp_tree/GenMultPair[3].Gen8x8.u_mult_dsp/u_dsp/GenDsp48E2.u_dsp48e2: When using the PreAdder and AMULTSEL is set to 'AD' and PREADDINSEL is set to 'A', the A operand should be restricted to 26 bit two's complement (and sign extended) to avoid over/underflow in the pre-add stage.
Related violations: <none>

REQP-1731#193 Warning
DSP_Abus_preadd_amult_sel_A_sign_bit_restriction  
kv260_dpu_sobel_bd_i/dpuczdx8g_0/inst/GenDpu0.u_dpu0/m_dpu_top/m_conv_top/inst_pea/u_mults/GenAddGrp[1].GenAddCh[0].GenMultOcp[0].u_mult_dsp_tree/GenMultPair[0].Gen8x8.u_mult_dsp/u_dsp/GenDsp48E2.u_dsp48e2: When using the PreAdder and AMULTSEL is set to 'AD' and PREADDINSEL is set to 'A', the A operand should be restricted to 26 bit two's complement (and sign extended) to avoid over/underflow in the pre-add stage.
Related violations: <none>

REQP-1731#194 Warning
DSP_Abus_preadd_amult_sel_A_sign_bit_restriction  
kv260_dpu_sobel_bd_i/dpuczdx8g_0/inst/GenDpu0.u_dpu0/m_dpu_top/m_conv_top/inst_pea/u_mults/GenAddGrp[1].GenAddCh[0].GenMultOcp[0].u_mult_dsp_tree/GenMultPair[1].Gen8x8.u_mult_dsp/u_dsp/GenDsp48E2.u_dsp48e2: When using the PreAdder and AMULTSEL is set to 'AD' and PREADDINSEL is set to 'A', the A operand should be restricted to 26 bit two's complement (and sign extended) to avoid over/underflow in the pre-add stage.
Related violations: <none>

REQP-1731#195 Warning
DSP_Abus_preadd_amult_sel_A_sign_bit_restriction  
kv260_dpu_sobel_bd_i/dpuczdx8g_0/inst/GenDpu0.u_dpu0/m_dpu_top/m_conv_top/inst_pea/u_mults/GenAddGrp[1].GenAddCh[0].GenMultOcp[0].u_mult_dsp_tree/GenMultPair[2].Gen8x8.u_mult_dsp/u_dsp/GenDsp48E2.u_dsp48e2: When using the PreAdder and AMULTSEL is set to 'AD' and PREADDINSEL is set to 'A', the A operand should be restricted to 26 bit two's complement (and sign extended) to avoid over/underflow in the pre-add stage.
Related violations: <none>

REQP-1731#196 Warning
DSP_Abus_preadd_amult_sel_A_sign_bit_restriction  
kv260_dpu_sobel_bd_i/dpuczdx8g_0/inst/GenDpu0.u_dpu0/m_dpu_top/m_conv_top/inst_pea/u_mults/GenAddGrp[1].GenAddCh[0].GenMultOcp[0].u_mult_dsp_tree/GenMultPair[3].Gen8x8.u_mult_dsp/u_dsp/GenDsp48E2.u_dsp48e2: When using the PreAdder and AMULTSEL is set to 'AD' and PREADDINSEL is set to 'A', the A operand should be restricted to 26 bit two's complement (and sign extended) to avoid over/underflow in the pre-add stage.
Related violations: <none>

REQP-1731#197 Warning
DSP_Abus_preadd_amult_sel_A_sign_bit_restriction  
kv260_dpu_sobel_bd_i/dpuczdx8g_0/inst/GenDpu0.u_dpu0/m_dpu_top/m_conv_top/inst_pea/u_mults/GenAddGrp[1].GenAddCh[0].GenMultOcp[1].u_mult_dsp_tree/GenMultPair[0].Gen8x8.u_mult_dsp/u_dsp/GenDsp48E2.u_dsp48e2: When using the PreAdder and AMULTSEL is set to 'AD' and PREADDINSEL is set to 'A', the A operand should be restricted to 26 bit two's complement (and sign extended) to avoid over/underflow in the pre-add stage.
Related violations: <none>

REQP-1731#198 Warning
DSP_Abus_preadd_amult_sel_A_sign_bit_restriction  
kv260_dpu_sobel_bd_i/dpuczdx8g_0/inst/GenDpu0.u_dpu0/m_dpu_top/m_conv_top/inst_pea/u_mults/GenAddGrp[1].GenAddCh[0].GenMultOcp[1].u_mult_dsp_tree/GenMultPair[1].Gen8x8.u_mult_dsp/u_dsp/GenDsp48E2.u_dsp48e2: When using the PreAdder and AMULTSEL is set to 'AD' and PREADDINSEL is set to 'A', the A operand should be restricted to 26 bit two's complement (and sign extended) to avoid over/underflow in the pre-add stage.
Related violations: <none>

REQP-1731#199 Warning
DSP_Abus_preadd_amult_sel_A_sign_bit_restriction  
kv260_dpu_sobel_bd_i/dpuczdx8g_0/inst/GenDpu0.u_dpu0/m_dpu_top/m_conv_top/inst_pea/u_mults/GenAddGrp[1].GenAddCh[0].GenMultOcp[1].u_mult_dsp_tree/GenMultPair[2].Gen8x8.u_mult_dsp/u_dsp/GenDsp48E2.u_dsp48e2: When using the PreAdder and AMULTSEL is set to 'AD' and PREADDINSEL is set to 'A', the A operand should be restricted to 26 bit two's complement (and sign extended) to avoid over/underflow in the pre-add stage.
Related violations: <none>

REQP-1731#200 Warning
DSP_Abus_preadd_amult_sel_A_sign_bit_restriction  
kv260_dpu_sobel_bd_i/dpuczdx8g_0/inst/GenDpu0.u_dpu0/m_dpu_top/m_conv_top/inst_pea/u_mults/GenAddGrp[1].GenAddCh[0].GenMultOcp[1].u_mult_dsp_tree/GenMultPair[3].Gen8x8.u_mult_dsp/u_dsp/GenDsp48E2.u_dsp48e2: When using the PreAdder and AMULTSEL is set to 'AD' and PREADDINSEL is set to 'A', the A operand should be restricted to 26 bit two's complement (and sign extended) to avoid over/underflow in the pre-add stage.
Related violations: <none>

REQP-1731#201 Warning
DSP_Abus_preadd_amult_sel_A_sign_bit_restriction  
kv260_dpu_sobel_bd_i/dpuczdx8g_0/inst/GenDpu0.u_dpu0/m_dpu_top/m_conv_top/inst_pea/u_mults/GenAddGrp[1].GenAddCh[0].GenMultOcp[2].u_mult_dsp_tree/GenMultPair[0].Gen8x8.u_mult_dsp/u_dsp/GenDsp48E2.u_dsp48e2: When using the PreAdder and AMULTSEL is set to 'AD' and PREADDINSEL is set to 'A', the A operand should be restricted to 26 bit two's complement (and sign extended) to avoid over/underflow in the pre-add stage.
Related violations: <none>

REQP-1731#202 Warning
DSP_Abus_preadd_amult_sel_A_sign_bit_restriction  
kv260_dpu_sobel_bd_i/dpuczdx8g_0/inst/GenDpu0.u_dpu0/m_dpu_top/m_conv_top/inst_pea/u_mults/GenAddGrp[1].GenAddCh[0].GenMultOcp[2].u_mult_dsp_tree/GenMultPair[1].Gen8x8.u_mult_dsp/u_dsp/GenDsp48E2.u_dsp48e2: When using the PreAdder and AMULTSEL is set to 'AD' and PREADDINSEL is set to 'A', the A operand should be restricted to 26 bit two's complement (and sign extended) to avoid over/underflow in the pre-add stage.
Related violations: <none>

REQP-1731#203 Warning
DSP_Abus_preadd_amult_sel_A_sign_bit_restriction  
kv260_dpu_sobel_bd_i/dpuczdx8g_0/inst/GenDpu0.u_dpu0/m_dpu_top/m_conv_top/inst_pea/u_mults/GenAddGrp[1].GenAddCh[0].GenMultOcp[2].u_mult_dsp_tree/GenMultPair[2].Gen8x8.u_mult_dsp/u_dsp/GenDsp48E2.u_dsp48e2: When using the PreAdder and AMULTSEL is set to 'AD' and PREADDINSEL is set to 'A', the A operand should be restricted to 26 bit two's complement (and sign extended) to avoid over/underflow in the pre-add stage.
Related violations: <none>

REQP-1731#204 Warning
DSP_Abus_preadd_amult_sel_A_sign_bit_restriction  
kv260_dpu_sobel_bd_i/dpuczdx8g_0/inst/GenDpu0.u_dpu0/m_dpu_top/m_conv_top/inst_pea/u_mults/GenAddGrp[1].GenAddCh[0].GenMultOcp[2].u_mult_dsp_tree/GenMultPair[3].Gen8x8.u_mult_dsp/u_dsp/GenDsp48E2.u_dsp48e2: When using the PreAdder and AMULTSEL is set to 'AD' and PREADDINSEL is set to 'A', the A operand should be restricted to 26 bit two's complement (and sign extended) to avoid over/underflow in the pre-add stage.
Related violations: <none>

REQP-1731#205 Warning
DSP_Abus_preadd_amult_sel_A_sign_bit_restriction  
kv260_dpu_sobel_bd_i/dpuczdx8g_0/inst/GenDpu0.u_dpu0/m_dpu_top/m_conv_top/inst_pea/u_mults/GenAddGrp[1].GenAddCh[0].GenMultOcp[3].u_mult_dsp_tree/GenMultPair[0].Gen8x8.u_mult_dsp/u_dsp/GenDsp48E2.u_dsp48e2: When using the PreAdder and AMULTSEL is set to 'AD' and PREADDINSEL is set to 'A', the A operand should be restricted to 26 bit two's complement (and sign extended) to avoid over/underflow in the pre-add stage.
Related violations: <none>

REQP-1731#206 Warning
DSP_Abus_preadd_amult_sel_A_sign_bit_restriction  
kv260_dpu_sobel_bd_i/dpuczdx8g_0/inst/GenDpu0.u_dpu0/m_dpu_top/m_conv_top/inst_pea/u_mults/GenAddGrp[1].GenAddCh[0].GenMultOcp[3].u_mult_dsp_tree/GenMultPair[1].Gen8x8.u_mult_dsp/u_dsp/GenDsp48E2.u_dsp48e2: When using the PreAdder and AMULTSEL is set to 'AD' and PREADDINSEL is set to 'A', the A operand should be restricted to 26 bit two's complement (and sign extended) to avoid over/underflow in the pre-add stage.
Related violations: <none>

REQP-1731#207 Warning
DSP_Abus_preadd_amult_sel_A_sign_bit_restriction  
kv260_dpu_sobel_bd_i/dpuczdx8g_0/inst/GenDpu0.u_dpu0/m_dpu_top/m_conv_top/inst_pea/u_mults/GenAddGrp[1].GenAddCh[0].GenMultOcp[3].u_mult_dsp_tree/GenMultPair[2].Gen8x8.u_mult_dsp/u_dsp/GenDsp48E2.u_dsp48e2: When using the PreAdder and AMULTSEL is set to 'AD' and PREADDINSEL is set to 'A', the A operand should be restricted to 26 bit two's complement (and sign extended) to avoid over/underflow in the pre-add stage.
Related violations: <none>

REQP-1731#208 Warning
DSP_Abus_preadd_amult_sel_A_sign_bit_restriction  
kv260_dpu_sobel_bd_i/dpuczdx8g_0/inst/GenDpu0.u_dpu0/m_dpu_top/m_conv_top/inst_pea/u_mults/GenAddGrp[1].GenAddCh[0].GenMultOcp[3].u_mult_dsp_tree/GenMultPair[3].Gen8x8.u_mult_dsp/u_dsp/GenDsp48E2.u_dsp48e2: When using the PreAdder and AMULTSEL is set to 'AD' and PREADDINSEL is set to 'A', the A operand should be restricted to 26 bit two's complement (and sign extended) to avoid over/underflow in the pre-add stage.
Related violations: <none>

REQP-1731#209 Warning
DSP_Abus_preadd_amult_sel_A_sign_bit_restriction  
kv260_dpu_sobel_bd_i/dpuczdx8g_0/inst/GenDpu0.u_dpu0/m_dpu_top/m_conv_top/inst_pea/u_mults/GenAddGrp[1].GenAddCh[0].GenMultOcp[4].u_mult_dsp_tree/GenMultPair[0].Gen8x8.u_mult_dsp/u_dsp/GenDsp48E2.u_dsp48e2: When using the PreAdder and AMULTSEL is set to 'AD' and PREADDINSEL is set to 'A', the A operand should be restricted to 26 bit two's complement (and sign extended) to avoid over/underflow in the pre-add stage.
Related violations: <none>

REQP-1731#210 Warning
DSP_Abus_preadd_amult_sel_A_sign_bit_restriction  
kv260_dpu_sobel_bd_i/dpuczdx8g_0/inst/GenDpu0.u_dpu0/m_dpu_top/m_conv_top/inst_pea/u_mults/GenAddGrp[1].GenAddCh[0].GenMultOcp[4].u_mult_dsp_tree/GenMultPair[1].Gen8x8.u_mult_dsp/u_dsp/GenDsp48E2.u_dsp48e2: When using the PreAdder and AMULTSEL is set to 'AD' and PREADDINSEL is set to 'A', the A operand should be restricted to 26 bit two's complement (and sign extended) to avoid over/underflow in the pre-add stage.
Related violations: <none>

REQP-1731#211 Warning
DSP_Abus_preadd_amult_sel_A_sign_bit_restriction  
kv260_dpu_sobel_bd_i/dpuczdx8g_0/inst/GenDpu0.u_dpu0/m_dpu_top/m_conv_top/inst_pea/u_mults/GenAddGrp[1].GenAddCh[0].GenMultOcp[4].u_mult_dsp_tree/GenMultPair[2].Gen8x8.u_mult_dsp/u_dsp/GenDsp48E2.u_dsp48e2: When using the PreAdder and AMULTSEL is set to 'AD' and PREADDINSEL is set to 'A', the A operand should be restricted to 26 bit two's complement (and sign extended) to avoid over/underflow in the pre-add stage.
Related violations: <none>

REQP-1731#212 Warning
DSP_Abus_preadd_amult_sel_A_sign_bit_restriction  
kv260_dpu_sobel_bd_i/dpuczdx8g_0/inst/GenDpu0.u_dpu0/m_dpu_top/m_conv_top/inst_pea/u_mults/GenAddGrp[1].GenAddCh[0].GenMultOcp[4].u_mult_dsp_tree/GenMultPair[3].Gen8x8.u_mult_dsp/u_dsp/GenDsp48E2.u_dsp48e2: When using the PreAdder and AMULTSEL is set to 'AD' and PREADDINSEL is set to 'A', the A operand should be restricted to 26 bit two's complement (and sign extended) to avoid over/underflow in the pre-add stage.
Related violations: <none>

REQP-1731#213 Warning
DSP_Abus_preadd_amult_sel_A_sign_bit_restriction  
kv260_dpu_sobel_bd_i/dpuczdx8g_0/inst/GenDpu0.u_dpu0/m_dpu_top/m_conv_top/inst_pea/u_mults/GenAddGrp[1].GenAddCh[0].GenMultOcp[5].u_mult_dsp_tree/GenMultPair[0].Gen8x8.u_mult_dsp/u_dsp/GenDsp48E2.u_dsp48e2: When using the PreAdder and AMULTSEL is set to 'AD' and PREADDINSEL is set to 'A', the A operand should be restricted to 26 bit two's complement (and sign extended) to avoid over/underflow in the pre-add stage.
Related violations: <none>

REQP-1731#214 Warning
DSP_Abus_preadd_amult_sel_A_sign_bit_restriction  
kv260_dpu_sobel_bd_i/dpuczdx8g_0/inst/GenDpu0.u_dpu0/m_dpu_top/m_conv_top/inst_pea/u_mults/GenAddGrp[1].GenAddCh[0].GenMultOcp[5].u_mult_dsp_tree/GenMultPair[1].Gen8x8.u_mult_dsp/u_dsp/GenDsp48E2.u_dsp48e2: When using the PreAdder and AMULTSEL is set to 'AD' and PREADDINSEL is set to 'A', the A operand should be restricted to 26 bit two's complement (and sign extended) to avoid over/underflow in the pre-add stage.
Related violations: <none>

REQP-1731#215 Warning
DSP_Abus_preadd_amult_sel_A_sign_bit_restriction  
kv260_dpu_sobel_bd_i/dpuczdx8g_0/inst/GenDpu0.u_dpu0/m_dpu_top/m_conv_top/inst_pea/u_mults/GenAddGrp[1].GenAddCh[0].GenMultOcp[5].u_mult_dsp_tree/GenMultPair[2].Gen8x8.u_mult_dsp/u_dsp/GenDsp48E2.u_dsp48e2: When using the PreAdder and AMULTSEL is set to 'AD' and PREADDINSEL is set to 'A', the A operand should be restricted to 26 bit two's complement (and sign extended) to avoid over/underflow in the pre-add stage.
Related violations: <none>

REQP-1731#216 Warning
DSP_Abus_preadd_amult_sel_A_sign_bit_restriction  
kv260_dpu_sobel_bd_i/dpuczdx8g_0/inst/GenDpu0.u_dpu0/m_dpu_top/m_conv_top/inst_pea/u_mults/GenAddGrp[1].GenAddCh[0].GenMultOcp[5].u_mult_dsp_tree/GenMultPair[3].Gen8x8.u_mult_dsp/u_dsp/GenDsp48E2.u_dsp48e2: When using the PreAdder and AMULTSEL is set to 'AD' and PREADDINSEL is set to 'A', the A operand should be restricted to 26 bit two's complement (and sign extended) to avoid over/underflow in the pre-add stage.
Related violations: <none>

REQP-1731#217 Warning
DSP_Abus_preadd_amult_sel_A_sign_bit_restriction  
kv260_dpu_sobel_bd_i/dpuczdx8g_0/inst/GenDpu0.u_dpu0/m_dpu_top/m_conv_top/inst_pea/u_mults/GenAddGrp[1].GenAddCh[0].GenMultOcp[6].u_mult_dsp_tree/GenMultPair[0].Gen8x8.u_mult_dsp/u_dsp/GenDsp48E2.u_dsp48e2: When using the PreAdder and AMULTSEL is set to 'AD' and PREADDINSEL is set to 'A', the A operand should be restricted to 26 bit two's complement (and sign extended) to avoid over/underflow in the pre-add stage.
Related violations: <none>

REQP-1731#218 Warning
DSP_Abus_preadd_amult_sel_A_sign_bit_restriction  
kv260_dpu_sobel_bd_i/dpuczdx8g_0/inst/GenDpu0.u_dpu0/m_dpu_top/m_conv_top/inst_pea/u_mults/GenAddGrp[1].GenAddCh[0].GenMultOcp[6].u_mult_dsp_tree/GenMultPair[1].Gen8x8.u_mult_dsp/u_dsp/GenDsp48E2.u_dsp48e2: When using the PreAdder and AMULTSEL is set to 'AD' and PREADDINSEL is set to 'A', the A operand should be restricted to 26 bit two's complement (and sign extended) to avoid over/underflow in the pre-add stage.
Related violations: <none>

REQP-1731#219 Warning
DSP_Abus_preadd_amult_sel_A_sign_bit_restriction  
kv260_dpu_sobel_bd_i/dpuczdx8g_0/inst/GenDpu0.u_dpu0/m_dpu_top/m_conv_top/inst_pea/u_mults/GenAddGrp[1].GenAddCh[0].GenMultOcp[6].u_mult_dsp_tree/GenMultPair[2].Gen8x8.u_mult_dsp/u_dsp/GenDsp48E2.u_dsp48e2: When using the PreAdder and AMULTSEL is set to 'AD' and PREADDINSEL is set to 'A', the A operand should be restricted to 26 bit two's complement (and sign extended) to avoid over/underflow in the pre-add stage.
Related violations: <none>

REQP-1731#220 Warning
DSP_Abus_preadd_amult_sel_A_sign_bit_restriction  
kv260_dpu_sobel_bd_i/dpuczdx8g_0/inst/GenDpu0.u_dpu0/m_dpu_top/m_conv_top/inst_pea/u_mults/GenAddGrp[1].GenAddCh[0].GenMultOcp[6].u_mult_dsp_tree/GenMultPair[3].Gen8x8.u_mult_dsp/u_dsp/GenDsp48E2.u_dsp48e2: When using the PreAdder and AMULTSEL is set to 'AD' and PREADDINSEL is set to 'A', the A operand should be restricted to 26 bit two's complement (and sign extended) to avoid over/underflow in the pre-add stage.
Related violations: <none>

REQP-1731#221 Warning
DSP_Abus_preadd_amult_sel_A_sign_bit_restriction  
kv260_dpu_sobel_bd_i/dpuczdx8g_0/inst/GenDpu0.u_dpu0/m_dpu_top/m_conv_top/inst_pea/u_mults/GenAddGrp[1].GenAddCh[0].GenMultOcp[7].u_mult_dsp_tree/GenMultPair[0].Gen8x8.u_mult_dsp/u_dsp/GenDsp48E2.u_dsp48e2: When using the PreAdder and AMULTSEL is set to 'AD' and PREADDINSEL is set to 'A', the A operand should be restricted to 26 bit two's complement (and sign extended) to avoid over/underflow in the pre-add stage.
Related violations: <none>

REQP-1731#222 Warning
DSP_Abus_preadd_amult_sel_A_sign_bit_restriction  
kv260_dpu_sobel_bd_i/dpuczdx8g_0/inst/GenDpu0.u_dpu0/m_dpu_top/m_conv_top/inst_pea/u_mults/GenAddGrp[1].GenAddCh[0].GenMultOcp[7].u_mult_dsp_tree/GenMultPair[1].Gen8x8.u_mult_dsp/u_dsp/GenDsp48E2.u_dsp48e2: When using the PreAdder and AMULTSEL is set to 'AD' and PREADDINSEL is set to 'A', the A operand should be restricted to 26 bit two's complement (and sign extended) to avoid over/underflow in the pre-add stage.
Related violations: <none>

REQP-1731#223 Warning
DSP_Abus_preadd_amult_sel_A_sign_bit_restriction  
kv260_dpu_sobel_bd_i/dpuczdx8g_0/inst/GenDpu0.u_dpu0/m_dpu_top/m_conv_top/inst_pea/u_mults/GenAddGrp[1].GenAddCh[0].GenMultOcp[7].u_mult_dsp_tree/GenMultPair[2].Gen8x8.u_mult_dsp/u_dsp/GenDsp48E2.u_dsp48e2: When using the PreAdder and AMULTSEL is set to 'AD' and PREADDINSEL is set to 'A', the A operand should be restricted to 26 bit two's complement (and sign extended) to avoid over/underflow in the pre-add stage.
Related violations: <none>

REQP-1731#224 Warning
DSP_Abus_preadd_amult_sel_A_sign_bit_restriction  
kv260_dpu_sobel_bd_i/dpuczdx8g_0/inst/GenDpu0.u_dpu0/m_dpu_top/m_conv_top/inst_pea/u_mults/GenAddGrp[1].GenAddCh[0].GenMultOcp[7].u_mult_dsp_tree/GenMultPair[3].Gen8x8.u_mult_dsp/u_dsp/GenDsp48E2.u_dsp48e2: When using the PreAdder and AMULTSEL is set to 'AD' and PREADDINSEL is set to 'A', the A operand should be restricted to 26 bit two's complement (and sign extended) to avoid over/underflow in the pre-add stage.
Related violations: <none>

REQP-1731#225 Warning
DSP_Abus_preadd_amult_sel_A_sign_bit_restriction  
kv260_dpu_sobel_bd_i/dpuczdx8g_0/inst/GenDpu0.u_dpu0/m_dpu_top/m_conv_top/inst_pea/u_mults/GenAddGrp[1].GenAddCh[1].GenMultOcp[0].u_mult_dsp_tree/GenMultPair[0].Gen8x8.u_mult_dsp/u_dsp/GenDsp48E2.u_dsp48e2: When using the PreAdder and AMULTSEL is set to 'AD' and PREADDINSEL is set to 'A', the A operand should be restricted to 26 bit two's complement (and sign extended) to avoid over/underflow in the pre-add stage.
Related violations: <none>

REQP-1731#226 Warning
DSP_Abus_preadd_amult_sel_A_sign_bit_restriction  
kv260_dpu_sobel_bd_i/dpuczdx8g_0/inst/GenDpu0.u_dpu0/m_dpu_top/m_conv_top/inst_pea/u_mults/GenAddGrp[1].GenAddCh[1].GenMultOcp[0].u_mult_dsp_tree/GenMultPair[1].Gen8x8.u_mult_dsp/u_dsp/GenDsp48E2.u_dsp48e2: When using the PreAdder and AMULTSEL is set to 'AD' and PREADDINSEL is set to 'A', the A operand should be restricted to 26 bit two's complement (and sign extended) to avoid over/underflow in the pre-add stage.
Related violations: <none>

REQP-1731#227 Warning
DSP_Abus_preadd_amult_sel_A_sign_bit_restriction  
kv260_dpu_sobel_bd_i/dpuczdx8g_0/inst/GenDpu0.u_dpu0/m_dpu_top/m_conv_top/inst_pea/u_mults/GenAddGrp[1].GenAddCh[1].GenMultOcp[0].u_mult_dsp_tree/GenMultPair[2].Gen8x8.u_mult_dsp/u_dsp/GenDsp48E2.u_dsp48e2: When using the PreAdder and AMULTSEL is set to 'AD' and PREADDINSEL is set to 'A', the A operand should be restricted to 26 bit two's complement (and sign extended) to avoid over/underflow in the pre-add stage.
Related violations: <none>

REQP-1731#228 Warning
DSP_Abus_preadd_amult_sel_A_sign_bit_restriction  
kv260_dpu_sobel_bd_i/dpuczdx8g_0/inst/GenDpu0.u_dpu0/m_dpu_top/m_conv_top/inst_pea/u_mults/GenAddGrp[1].GenAddCh[1].GenMultOcp[0].u_mult_dsp_tree/GenMultPair[3].Gen8x8.u_mult_dsp/u_dsp/GenDsp48E2.u_dsp48e2: When using the PreAdder and AMULTSEL is set to 'AD' and PREADDINSEL is set to 'A', the A operand should be restricted to 26 bit two's complement (and sign extended) to avoid over/underflow in the pre-add stage.
Related violations: <none>

REQP-1731#229 Warning
DSP_Abus_preadd_amult_sel_A_sign_bit_restriction  
kv260_dpu_sobel_bd_i/dpuczdx8g_0/inst/GenDpu0.u_dpu0/m_dpu_top/m_conv_top/inst_pea/u_mults/GenAddGrp[1].GenAddCh[1].GenMultOcp[1].u_mult_dsp_tree/GenMultPair[0].Gen8x8.u_mult_dsp/u_dsp/GenDsp48E2.u_dsp48e2: When using the PreAdder and AMULTSEL is set to 'AD' and PREADDINSEL is set to 'A', the A operand should be restricted to 26 bit two's complement (and sign extended) to avoid over/underflow in the pre-add stage.
Related violations: <none>

REQP-1731#230 Warning
DSP_Abus_preadd_amult_sel_A_sign_bit_restriction  
kv260_dpu_sobel_bd_i/dpuczdx8g_0/inst/GenDpu0.u_dpu0/m_dpu_top/m_conv_top/inst_pea/u_mults/GenAddGrp[1].GenAddCh[1].GenMultOcp[1].u_mult_dsp_tree/GenMultPair[1].Gen8x8.u_mult_dsp/u_dsp/GenDsp48E2.u_dsp48e2: When using the PreAdder and AMULTSEL is set to 'AD' and PREADDINSEL is set to 'A', the A operand should be restricted to 26 bit two's complement (and sign extended) to avoid over/underflow in the pre-add stage.
Related violations: <none>

REQP-1731#231 Warning
DSP_Abus_preadd_amult_sel_A_sign_bit_restriction  
kv260_dpu_sobel_bd_i/dpuczdx8g_0/inst/GenDpu0.u_dpu0/m_dpu_top/m_conv_top/inst_pea/u_mults/GenAddGrp[1].GenAddCh[1].GenMultOcp[1].u_mult_dsp_tree/GenMultPair[2].Gen8x8.u_mult_dsp/u_dsp/GenDsp48E2.u_dsp48e2: When using the PreAdder and AMULTSEL is set to 'AD' and PREADDINSEL is set to 'A', the A operand should be restricted to 26 bit two's complement (and sign extended) to avoid over/underflow in the pre-add stage.
Related violations: <none>

REQP-1731#232 Warning
DSP_Abus_preadd_amult_sel_A_sign_bit_restriction  
kv260_dpu_sobel_bd_i/dpuczdx8g_0/inst/GenDpu0.u_dpu0/m_dpu_top/m_conv_top/inst_pea/u_mults/GenAddGrp[1].GenAddCh[1].GenMultOcp[1].u_mult_dsp_tree/GenMultPair[3].Gen8x8.u_mult_dsp/u_dsp/GenDsp48E2.u_dsp48e2: When using the PreAdder and AMULTSEL is set to 'AD' and PREADDINSEL is set to 'A', the A operand should be restricted to 26 bit two's complement (and sign extended) to avoid over/underflow in the pre-add stage.
Related violations: <none>

REQP-1731#233 Warning
DSP_Abus_preadd_amult_sel_A_sign_bit_restriction  
kv260_dpu_sobel_bd_i/dpuczdx8g_0/inst/GenDpu0.u_dpu0/m_dpu_top/m_conv_top/inst_pea/u_mults/GenAddGrp[1].GenAddCh[1].GenMultOcp[2].u_mult_dsp_tree/GenMultPair[0].Gen8x8.u_mult_dsp/u_dsp/GenDsp48E2.u_dsp48e2: When using the PreAdder and AMULTSEL is set to 'AD' and PREADDINSEL is set to 'A', the A operand should be restricted to 26 bit two's complement (and sign extended) to avoid over/underflow in the pre-add stage.
Related violations: <none>

REQP-1731#234 Warning
DSP_Abus_preadd_amult_sel_A_sign_bit_restriction  
kv260_dpu_sobel_bd_i/dpuczdx8g_0/inst/GenDpu0.u_dpu0/m_dpu_top/m_conv_top/inst_pea/u_mults/GenAddGrp[1].GenAddCh[1].GenMultOcp[2].u_mult_dsp_tree/GenMultPair[1].Gen8x8.u_mult_dsp/u_dsp/GenDsp48E2.u_dsp48e2: When using the PreAdder and AMULTSEL is set to 'AD' and PREADDINSEL is set to 'A', the A operand should be restricted to 26 bit two's complement (and sign extended) to avoid over/underflow in the pre-add stage.
Related violations: <none>

REQP-1731#235 Warning
DSP_Abus_preadd_amult_sel_A_sign_bit_restriction  
kv260_dpu_sobel_bd_i/dpuczdx8g_0/inst/GenDpu0.u_dpu0/m_dpu_top/m_conv_top/inst_pea/u_mults/GenAddGrp[1].GenAddCh[1].GenMultOcp[2].u_mult_dsp_tree/GenMultPair[2].Gen8x8.u_mult_dsp/u_dsp/GenDsp48E2.u_dsp48e2: When using the PreAdder and AMULTSEL is set to 'AD' and PREADDINSEL is set to 'A', the A operand should be restricted to 26 bit two's complement (and sign extended) to avoid over/underflow in the pre-add stage.
Related violations: <none>

REQP-1731#236 Warning
DSP_Abus_preadd_amult_sel_A_sign_bit_restriction  
kv260_dpu_sobel_bd_i/dpuczdx8g_0/inst/GenDpu0.u_dpu0/m_dpu_top/m_conv_top/inst_pea/u_mults/GenAddGrp[1].GenAddCh[1].GenMultOcp[2].u_mult_dsp_tree/GenMultPair[3].Gen8x8.u_mult_dsp/u_dsp/GenDsp48E2.u_dsp48e2: When using the PreAdder and AMULTSEL is set to 'AD' and PREADDINSEL is set to 'A', the A operand should be restricted to 26 bit two's complement (and sign extended) to avoid over/underflow in the pre-add stage.
Related violations: <none>

REQP-1731#237 Warning
DSP_Abus_preadd_amult_sel_A_sign_bit_restriction  
kv260_dpu_sobel_bd_i/dpuczdx8g_0/inst/GenDpu0.u_dpu0/m_dpu_top/m_conv_top/inst_pea/u_mults/GenAddGrp[1].GenAddCh[1].GenMultOcp[3].u_mult_dsp_tree/GenMultPair[0].Gen8x8.u_mult_dsp/u_dsp/GenDsp48E2.u_dsp48e2: When using the PreAdder and AMULTSEL is set to 'AD' and PREADDINSEL is set to 'A', the A operand should be restricted to 26 bit two's complement (and sign extended) to avoid over/underflow in the pre-add stage.
Related violations: <none>

REQP-1731#238 Warning
DSP_Abus_preadd_amult_sel_A_sign_bit_restriction  
kv260_dpu_sobel_bd_i/dpuczdx8g_0/inst/GenDpu0.u_dpu0/m_dpu_top/m_conv_top/inst_pea/u_mults/GenAddGrp[1].GenAddCh[1].GenMultOcp[3].u_mult_dsp_tree/GenMultPair[1].Gen8x8.u_mult_dsp/u_dsp/GenDsp48E2.u_dsp48e2: When using the PreAdder and AMULTSEL is set to 'AD' and PREADDINSEL is set to 'A', the A operand should be restricted to 26 bit two's complement (and sign extended) to avoid over/underflow in the pre-add stage.
Related violations: <none>

REQP-1731#239 Warning
DSP_Abus_preadd_amult_sel_A_sign_bit_restriction  
kv260_dpu_sobel_bd_i/dpuczdx8g_0/inst/GenDpu0.u_dpu0/m_dpu_top/m_conv_top/inst_pea/u_mults/GenAddGrp[1].GenAddCh[1].GenMultOcp[3].u_mult_dsp_tree/GenMultPair[2].Gen8x8.u_mult_dsp/u_dsp/GenDsp48E2.u_dsp48e2: When using the PreAdder and AMULTSEL is set to 'AD' and PREADDINSEL is set to 'A', the A operand should be restricted to 26 bit two's complement (and sign extended) to avoid over/underflow in the pre-add stage.
Related violations: <none>

REQP-1731#240 Warning
DSP_Abus_preadd_amult_sel_A_sign_bit_restriction  
kv260_dpu_sobel_bd_i/dpuczdx8g_0/inst/GenDpu0.u_dpu0/m_dpu_top/m_conv_top/inst_pea/u_mults/GenAddGrp[1].GenAddCh[1].GenMultOcp[3].u_mult_dsp_tree/GenMultPair[3].Gen8x8.u_mult_dsp/u_dsp/GenDsp48E2.u_dsp48e2: When using the PreAdder and AMULTSEL is set to 'AD' and PREADDINSEL is set to 'A', the A operand should be restricted to 26 bit two's complement (and sign extended) to avoid over/underflow in the pre-add stage.
Related violations: <none>

REQP-1731#241 Warning
DSP_Abus_preadd_amult_sel_A_sign_bit_restriction  
kv260_dpu_sobel_bd_i/dpuczdx8g_0/inst/GenDpu0.u_dpu0/m_dpu_top/m_conv_top/inst_pea/u_mults/GenAddGrp[1].GenAddCh[1].GenMultOcp[4].u_mult_dsp_tree/GenMultPair[0].Gen8x8.u_mult_dsp/u_dsp/GenDsp48E2.u_dsp48e2: When using the PreAdder and AMULTSEL is set to 'AD' and PREADDINSEL is set to 'A', the A operand should be restricted to 26 bit two's complement (and sign extended) to avoid over/underflow in the pre-add stage.
Related violations: <none>

REQP-1731#242 Warning
DSP_Abus_preadd_amult_sel_A_sign_bit_restriction  
kv260_dpu_sobel_bd_i/dpuczdx8g_0/inst/GenDpu0.u_dpu0/m_dpu_top/m_conv_top/inst_pea/u_mults/GenAddGrp[1].GenAddCh[1].GenMultOcp[4].u_mult_dsp_tree/GenMultPair[1].Gen8x8.u_mult_dsp/u_dsp/GenDsp48E2.u_dsp48e2: When using the PreAdder and AMULTSEL is set to 'AD' and PREADDINSEL is set to 'A', the A operand should be restricted to 26 bit two's complement (and sign extended) to avoid over/underflow in the pre-add stage.
Related violations: <none>

REQP-1731#243 Warning
DSP_Abus_preadd_amult_sel_A_sign_bit_restriction  
kv260_dpu_sobel_bd_i/dpuczdx8g_0/inst/GenDpu0.u_dpu0/m_dpu_top/m_conv_top/inst_pea/u_mults/GenAddGrp[1].GenAddCh[1].GenMultOcp[4].u_mult_dsp_tree/GenMultPair[2].Gen8x8.u_mult_dsp/u_dsp/GenDsp48E2.u_dsp48e2: When using the PreAdder and AMULTSEL is set to 'AD' and PREADDINSEL is set to 'A', the A operand should be restricted to 26 bit two's complement (and sign extended) to avoid over/underflow in the pre-add stage.
Related violations: <none>

REQP-1731#244 Warning
DSP_Abus_preadd_amult_sel_A_sign_bit_restriction  
kv260_dpu_sobel_bd_i/dpuczdx8g_0/inst/GenDpu0.u_dpu0/m_dpu_top/m_conv_top/inst_pea/u_mults/GenAddGrp[1].GenAddCh[1].GenMultOcp[4].u_mult_dsp_tree/GenMultPair[3].Gen8x8.u_mult_dsp/u_dsp/GenDsp48E2.u_dsp48e2: When using the PreAdder and AMULTSEL is set to 'AD' and PREADDINSEL is set to 'A', the A operand should be restricted to 26 bit two's complement (and sign extended) to avoid over/underflow in the pre-add stage.
Related violations: <none>

REQP-1731#245 Warning
DSP_Abus_preadd_amult_sel_A_sign_bit_restriction  
kv260_dpu_sobel_bd_i/dpuczdx8g_0/inst/GenDpu0.u_dpu0/m_dpu_top/m_conv_top/inst_pea/u_mults/GenAddGrp[1].GenAddCh[1].GenMultOcp[5].u_mult_dsp_tree/GenMultPair[0].Gen8x8.u_mult_dsp/u_dsp/GenDsp48E2.u_dsp48e2: When using the PreAdder and AMULTSEL is set to 'AD' and PREADDINSEL is set to 'A', the A operand should be restricted to 26 bit two's complement (and sign extended) to avoid over/underflow in the pre-add stage.
Related violations: <none>

REQP-1731#246 Warning
DSP_Abus_preadd_amult_sel_A_sign_bit_restriction  
kv260_dpu_sobel_bd_i/dpuczdx8g_0/inst/GenDpu0.u_dpu0/m_dpu_top/m_conv_top/inst_pea/u_mults/GenAddGrp[1].GenAddCh[1].GenMultOcp[5].u_mult_dsp_tree/GenMultPair[1].Gen8x8.u_mult_dsp/u_dsp/GenDsp48E2.u_dsp48e2: When using the PreAdder and AMULTSEL is set to 'AD' and PREADDINSEL is set to 'A', the A operand should be restricted to 26 bit two's complement (and sign extended) to avoid over/underflow in the pre-add stage.
Related violations: <none>

REQP-1731#247 Warning
DSP_Abus_preadd_amult_sel_A_sign_bit_restriction  
kv260_dpu_sobel_bd_i/dpuczdx8g_0/inst/GenDpu0.u_dpu0/m_dpu_top/m_conv_top/inst_pea/u_mults/GenAddGrp[1].GenAddCh[1].GenMultOcp[5].u_mult_dsp_tree/GenMultPair[2].Gen8x8.u_mult_dsp/u_dsp/GenDsp48E2.u_dsp48e2: When using the PreAdder and AMULTSEL is set to 'AD' and PREADDINSEL is set to 'A', the A operand should be restricted to 26 bit two's complement (and sign extended) to avoid over/underflow in the pre-add stage.
Related violations: <none>

REQP-1731#248 Warning
DSP_Abus_preadd_amult_sel_A_sign_bit_restriction  
kv260_dpu_sobel_bd_i/dpuczdx8g_0/inst/GenDpu0.u_dpu0/m_dpu_top/m_conv_top/inst_pea/u_mults/GenAddGrp[1].GenAddCh[1].GenMultOcp[5].u_mult_dsp_tree/GenMultPair[3].Gen8x8.u_mult_dsp/u_dsp/GenDsp48E2.u_dsp48e2: When using the PreAdder and AMULTSEL is set to 'AD' and PREADDINSEL is set to 'A', the A operand should be restricted to 26 bit two's complement (and sign extended) to avoid over/underflow in the pre-add stage.
Related violations: <none>

REQP-1731#249 Warning
DSP_Abus_preadd_amult_sel_A_sign_bit_restriction  
kv260_dpu_sobel_bd_i/dpuczdx8g_0/inst/GenDpu0.u_dpu0/m_dpu_top/m_conv_top/inst_pea/u_mults/GenAddGrp[1].GenAddCh[1].GenMultOcp[6].u_mult_dsp_tree/GenMultPair[0].Gen8x8.u_mult_dsp/u_dsp/GenDsp48E2.u_dsp48e2: When using the PreAdder and AMULTSEL is set to 'AD' and PREADDINSEL is set to 'A', the A operand should be restricted to 26 bit two's complement (and sign extended) to avoid over/underflow in the pre-add stage.
Related violations: <none>

REQP-1731#250 Warning
DSP_Abus_preadd_amult_sel_A_sign_bit_restriction  
kv260_dpu_sobel_bd_i/dpuczdx8g_0/inst/GenDpu0.u_dpu0/m_dpu_top/m_conv_top/inst_pea/u_mults/GenAddGrp[1].GenAddCh[1].GenMultOcp[6].u_mult_dsp_tree/GenMultPair[1].Gen8x8.u_mult_dsp/u_dsp/GenDsp48E2.u_dsp48e2: When using the PreAdder and AMULTSEL is set to 'AD' and PREADDINSEL is set to 'A', the A operand should be restricted to 26 bit two's complement (and sign extended) to avoid over/underflow in the pre-add stage.
Related violations: <none>

REQP-1731#251 Warning
DSP_Abus_preadd_amult_sel_A_sign_bit_restriction  
kv260_dpu_sobel_bd_i/dpuczdx8g_0/inst/GenDpu0.u_dpu0/m_dpu_top/m_conv_top/inst_pea/u_mults/GenAddGrp[1].GenAddCh[1].GenMultOcp[6].u_mult_dsp_tree/GenMultPair[2].Gen8x8.u_mult_dsp/u_dsp/GenDsp48E2.u_dsp48e2: When using the PreAdder and AMULTSEL is set to 'AD' and PREADDINSEL is set to 'A', the A operand should be restricted to 26 bit two's complement (and sign extended) to avoid over/underflow in the pre-add stage.
Related violations: <none>

REQP-1731#252 Warning
DSP_Abus_preadd_amult_sel_A_sign_bit_restriction  
kv260_dpu_sobel_bd_i/dpuczdx8g_0/inst/GenDpu0.u_dpu0/m_dpu_top/m_conv_top/inst_pea/u_mults/GenAddGrp[1].GenAddCh[1].GenMultOcp[6].u_mult_dsp_tree/GenMultPair[3].Gen8x8.u_mult_dsp/u_dsp/GenDsp48E2.u_dsp48e2: When using the PreAdder and AMULTSEL is set to 'AD' and PREADDINSEL is set to 'A', the A operand should be restricted to 26 bit two's complement (and sign extended) to avoid over/underflow in the pre-add stage.
Related violations: <none>

REQP-1731#253 Warning
DSP_Abus_preadd_amult_sel_A_sign_bit_restriction  
kv260_dpu_sobel_bd_i/dpuczdx8g_0/inst/GenDpu0.u_dpu0/m_dpu_top/m_conv_top/inst_pea/u_mults/GenAddGrp[1].GenAddCh[1].GenMultOcp[7].u_mult_dsp_tree/GenMultPair[0].Gen8x8.u_mult_dsp/u_dsp/GenDsp48E2.u_dsp48e2: When using the PreAdder and AMULTSEL is set to 'AD' and PREADDINSEL is set to 'A', the A operand should be restricted to 26 bit two's complement (and sign extended) to avoid over/underflow in the pre-add stage.
Related violations: <none>

REQP-1731#254 Warning
DSP_Abus_preadd_amult_sel_A_sign_bit_restriction  
kv260_dpu_sobel_bd_i/dpuczdx8g_0/inst/GenDpu0.u_dpu0/m_dpu_top/m_conv_top/inst_pea/u_mults/GenAddGrp[1].GenAddCh[1].GenMultOcp[7].u_mult_dsp_tree/GenMultPair[1].Gen8x8.u_mult_dsp/u_dsp/GenDsp48E2.u_dsp48e2: When using the PreAdder and AMULTSEL is set to 'AD' and PREADDINSEL is set to 'A', the A operand should be restricted to 26 bit two's complement (and sign extended) to avoid over/underflow in the pre-add stage.
Related violations: <none>

REQP-1731#255 Warning
DSP_Abus_preadd_amult_sel_A_sign_bit_restriction  
kv260_dpu_sobel_bd_i/dpuczdx8g_0/inst/GenDpu0.u_dpu0/m_dpu_top/m_conv_top/inst_pea/u_mults/GenAddGrp[1].GenAddCh[1].GenMultOcp[7].u_mult_dsp_tree/GenMultPair[2].Gen8x8.u_mult_dsp/u_dsp/GenDsp48E2.u_dsp48e2: When using the PreAdder and AMULTSEL is set to 'AD' and PREADDINSEL is set to 'A', the A operand should be restricted to 26 bit two's complement (and sign extended) to avoid over/underflow in the pre-add stage.
Related violations: <none>

REQP-1731#256 Warning
DSP_Abus_preadd_amult_sel_A_sign_bit_restriction  
kv260_dpu_sobel_bd_i/dpuczdx8g_0/inst/GenDpu0.u_dpu0/m_dpu_top/m_conv_top/inst_pea/u_mults/GenAddGrp[1].GenAddCh[1].GenMultOcp[7].u_mult_dsp_tree/GenMultPair[3].Gen8x8.u_mult_dsp/u_dsp/GenDsp48E2.u_dsp48e2: When using the PreAdder and AMULTSEL is set to 'AD' and PREADDINSEL is set to 'A', the A operand should be restricted to 26 bit two's complement (and sign extended) to avoid over/underflow in the pre-add stage.
Related violations: <none>

REQP-1731#257 Warning
DSP_Abus_preadd_amult_sel_A_sign_bit_restriction  
kv260_dpu_sobel_bd_i/dpuczdx8g_0/inst/GenDpu0.u_dpu0/m_dpu_top/m_conv_top/inst_pea/u_mults/GenAddGrp[1].GenAddCh[2].GenMultOcp[0].u_mult_dsp_tree/GenMultPair[0].Gen8x8.u_mult_dsp/u_dsp/GenDsp48E2.u_dsp48e2: When using the PreAdder and AMULTSEL is set to 'AD' and PREADDINSEL is set to 'A', the A operand should be restricted to 26 bit two's complement (and sign extended) to avoid over/underflow in the pre-add stage.
Related violations: <none>

REQP-1731#258 Warning
DSP_Abus_preadd_amult_sel_A_sign_bit_restriction  
kv260_dpu_sobel_bd_i/dpuczdx8g_0/inst/GenDpu0.u_dpu0/m_dpu_top/m_conv_top/inst_pea/u_mults/GenAddGrp[1].GenAddCh[2].GenMultOcp[0].u_mult_dsp_tree/GenMultPair[1].Gen8x8.u_mult_dsp/u_dsp/GenDsp48E2.u_dsp48e2: When using the PreAdder and AMULTSEL is set to 'AD' and PREADDINSEL is set to 'A', the A operand should be restricted to 26 bit two's complement (and sign extended) to avoid over/underflow in the pre-add stage.
Related violations: <none>

REQP-1731#259 Warning
DSP_Abus_preadd_amult_sel_A_sign_bit_restriction  
kv260_dpu_sobel_bd_i/dpuczdx8g_0/inst/GenDpu0.u_dpu0/m_dpu_top/m_conv_top/inst_pea/u_mults/GenAddGrp[1].GenAddCh[2].GenMultOcp[0].u_mult_dsp_tree/GenMultPair[2].Gen8x8.u_mult_dsp/u_dsp/GenDsp48E2.u_dsp48e2: When using the PreAdder and AMULTSEL is set to 'AD' and PREADDINSEL is set to 'A', the A operand should be restricted to 26 bit two's complement (and sign extended) to avoid over/underflow in the pre-add stage.
Related violations: <none>

REQP-1731#260 Warning
DSP_Abus_preadd_amult_sel_A_sign_bit_restriction  
kv260_dpu_sobel_bd_i/dpuczdx8g_0/inst/GenDpu0.u_dpu0/m_dpu_top/m_conv_top/inst_pea/u_mults/GenAddGrp[1].GenAddCh[2].GenMultOcp[0].u_mult_dsp_tree/GenMultPair[3].Gen8x8.u_mult_dsp/u_dsp/GenDsp48E2.u_dsp48e2: When using the PreAdder and AMULTSEL is set to 'AD' and PREADDINSEL is set to 'A', the A operand should be restricted to 26 bit two's complement (and sign extended) to avoid over/underflow in the pre-add stage.
Related violations: <none>

REQP-1731#261 Warning
DSP_Abus_preadd_amult_sel_A_sign_bit_restriction  
kv260_dpu_sobel_bd_i/dpuczdx8g_0/inst/GenDpu0.u_dpu0/m_dpu_top/m_conv_top/inst_pea/u_mults/GenAddGrp[1].GenAddCh[2].GenMultOcp[1].u_mult_dsp_tree/GenMultPair[0].Gen8x8.u_mult_dsp/u_dsp/GenDsp48E2.u_dsp48e2: When using the PreAdder and AMULTSEL is set to 'AD' and PREADDINSEL is set to 'A', the A operand should be restricted to 26 bit two's complement (and sign extended) to avoid over/underflow in the pre-add stage.
Related violations: <none>

REQP-1731#262 Warning
DSP_Abus_preadd_amult_sel_A_sign_bit_restriction  
kv260_dpu_sobel_bd_i/dpuczdx8g_0/inst/GenDpu0.u_dpu0/m_dpu_top/m_conv_top/inst_pea/u_mults/GenAddGrp[1].GenAddCh[2].GenMultOcp[1].u_mult_dsp_tree/GenMultPair[1].Gen8x8.u_mult_dsp/u_dsp/GenDsp48E2.u_dsp48e2: When using the PreAdder and AMULTSEL is set to 'AD' and PREADDINSEL is set to 'A', the A operand should be restricted to 26 bit two's complement (and sign extended) to avoid over/underflow in the pre-add stage.
Related violations: <none>

REQP-1731#263 Warning
DSP_Abus_preadd_amult_sel_A_sign_bit_restriction  
kv260_dpu_sobel_bd_i/dpuczdx8g_0/inst/GenDpu0.u_dpu0/m_dpu_top/m_conv_top/inst_pea/u_mults/GenAddGrp[1].GenAddCh[2].GenMultOcp[1].u_mult_dsp_tree/GenMultPair[2].Gen8x8.u_mult_dsp/u_dsp/GenDsp48E2.u_dsp48e2: When using the PreAdder and AMULTSEL is set to 'AD' and PREADDINSEL is set to 'A', the A operand should be restricted to 26 bit two's complement (and sign extended) to avoid over/underflow in the pre-add stage.
Related violations: <none>

REQP-1731#264 Warning
DSP_Abus_preadd_amult_sel_A_sign_bit_restriction  
kv260_dpu_sobel_bd_i/dpuczdx8g_0/inst/GenDpu0.u_dpu0/m_dpu_top/m_conv_top/inst_pea/u_mults/GenAddGrp[1].GenAddCh[2].GenMultOcp[1].u_mult_dsp_tree/GenMultPair[3].Gen8x8.u_mult_dsp/u_dsp/GenDsp48E2.u_dsp48e2: When using the PreAdder and AMULTSEL is set to 'AD' and PREADDINSEL is set to 'A', the A operand should be restricted to 26 bit two's complement (and sign extended) to avoid over/underflow in the pre-add stage.
Related violations: <none>

REQP-1731#265 Warning
DSP_Abus_preadd_amult_sel_A_sign_bit_restriction  
kv260_dpu_sobel_bd_i/dpuczdx8g_0/inst/GenDpu0.u_dpu0/m_dpu_top/m_conv_top/inst_pea/u_mults/GenAddGrp[1].GenAddCh[2].GenMultOcp[2].u_mult_dsp_tree/GenMultPair[0].Gen8x8.u_mult_dsp/u_dsp/GenDsp48E2.u_dsp48e2: When using the PreAdder and AMULTSEL is set to 'AD' and PREADDINSEL is set to 'A', the A operand should be restricted to 26 bit two's complement (and sign extended) to avoid over/underflow in the pre-add stage.
Related violations: <none>

REQP-1731#266 Warning
DSP_Abus_preadd_amult_sel_A_sign_bit_restriction  
kv260_dpu_sobel_bd_i/dpuczdx8g_0/inst/GenDpu0.u_dpu0/m_dpu_top/m_conv_top/inst_pea/u_mults/GenAddGrp[1].GenAddCh[2].GenMultOcp[2].u_mult_dsp_tree/GenMultPair[1].Gen8x8.u_mult_dsp/u_dsp/GenDsp48E2.u_dsp48e2: When using the PreAdder and AMULTSEL is set to 'AD' and PREADDINSEL is set to 'A', the A operand should be restricted to 26 bit two's complement (and sign extended) to avoid over/underflow in the pre-add stage.
Related violations: <none>

REQP-1731#267 Warning
DSP_Abus_preadd_amult_sel_A_sign_bit_restriction  
kv260_dpu_sobel_bd_i/dpuczdx8g_0/inst/GenDpu0.u_dpu0/m_dpu_top/m_conv_top/inst_pea/u_mults/GenAddGrp[1].GenAddCh[2].GenMultOcp[2].u_mult_dsp_tree/GenMultPair[2].Gen8x8.u_mult_dsp/u_dsp/GenDsp48E2.u_dsp48e2: When using the PreAdder and AMULTSEL is set to 'AD' and PREADDINSEL is set to 'A', the A operand should be restricted to 26 bit two's complement (and sign extended) to avoid over/underflow in the pre-add stage.
Related violations: <none>

REQP-1731#268 Warning
DSP_Abus_preadd_amult_sel_A_sign_bit_restriction  
kv260_dpu_sobel_bd_i/dpuczdx8g_0/inst/GenDpu0.u_dpu0/m_dpu_top/m_conv_top/inst_pea/u_mults/GenAddGrp[1].GenAddCh[2].GenMultOcp[2].u_mult_dsp_tree/GenMultPair[3].Gen8x8.u_mult_dsp/u_dsp/GenDsp48E2.u_dsp48e2: When using the PreAdder and AMULTSEL is set to 'AD' and PREADDINSEL is set to 'A', the A operand should be restricted to 26 bit two's complement (and sign extended) to avoid over/underflow in the pre-add stage.
Related violations: <none>

REQP-1731#269 Warning
DSP_Abus_preadd_amult_sel_A_sign_bit_restriction  
kv260_dpu_sobel_bd_i/dpuczdx8g_0/inst/GenDpu0.u_dpu0/m_dpu_top/m_conv_top/inst_pea/u_mults/GenAddGrp[1].GenAddCh[2].GenMultOcp[3].u_mult_dsp_tree/GenMultPair[0].Gen8x8.u_mult_dsp/u_dsp/GenDsp48E2.u_dsp48e2: When using the PreAdder and AMULTSEL is set to 'AD' and PREADDINSEL is set to 'A', the A operand should be restricted to 26 bit two's complement (and sign extended) to avoid over/underflow in the pre-add stage.
Related violations: <none>

REQP-1731#270 Warning
DSP_Abus_preadd_amult_sel_A_sign_bit_restriction  
kv260_dpu_sobel_bd_i/dpuczdx8g_0/inst/GenDpu0.u_dpu0/m_dpu_top/m_conv_top/inst_pea/u_mults/GenAddGrp[1].GenAddCh[2].GenMultOcp[3].u_mult_dsp_tree/GenMultPair[1].Gen8x8.u_mult_dsp/u_dsp/GenDsp48E2.u_dsp48e2: When using the PreAdder and AMULTSEL is set to 'AD' and PREADDINSEL is set to 'A', the A operand should be restricted to 26 bit two's complement (and sign extended) to avoid over/underflow in the pre-add stage.
Related violations: <none>

REQP-1731#271 Warning
DSP_Abus_preadd_amult_sel_A_sign_bit_restriction  
kv260_dpu_sobel_bd_i/dpuczdx8g_0/inst/GenDpu0.u_dpu0/m_dpu_top/m_conv_top/inst_pea/u_mults/GenAddGrp[1].GenAddCh[2].GenMultOcp[3].u_mult_dsp_tree/GenMultPair[2].Gen8x8.u_mult_dsp/u_dsp/GenDsp48E2.u_dsp48e2: When using the PreAdder and AMULTSEL is set to 'AD' and PREADDINSEL is set to 'A', the A operand should be restricted to 26 bit two's complement (and sign extended) to avoid over/underflow in the pre-add stage.
Related violations: <none>

REQP-1731#272 Warning
DSP_Abus_preadd_amult_sel_A_sign_bit_restriction  
kv260_dpu_sobel_bd_i/dpuczdx8g_0/inst/GenDpu0.u_dpu0/m_dpu_top/m_conv_top/inst_pea/u_mults/GenAddGrp[1].GenAddCh[2].GenMultOcp[3].u_mult_dsp_tree/GenMultPair[3].Gen8x8.u_mult_dsp/u_dsp/GenDsp48E2.u_dsp48e2: When using the PreAdder and AMULTSEL is set to 'AD' and PREADDINSEL is set to 'A', the A operand should be restricted to 26 bit two's complement (and sign extended) to avoid over/underflow in the pre-add stage.
Related violations: <none>

REQP-1731#273 Warning
DSP_Abus_preadd_amult_sel_A_sign_bit_restriction  
kv260_dpu_sobel_bd_i/dpuczdx8g_0/inst/GenDpu0.u_dpu0/m_dpu_top/m_conv_top/inst_pea/u_mults/GenAddGrp[1].GenAddCh[2].GenMultOcp[4].u_mult_dsp_tree/GenMultPair[0].Gen8x8.u_mult_dsp/u_dsp/GenDsp48E2.u_dsp48e2: When using the PreAdder and AMULTSEL is set to 'AD' and PREADDINSEL is set to 'A', the A operand should be restricted to 26 bit two's complement (and sign extended) to avoid over/underflow in the pre-add stage.
Related violations: <none>

REQP-1731#274 Warning
DSP_Abus_preadd_amult_sel_A_sign_bit_restriction  
kv260_dpu_sobel_bd_i/dpuczdx8g_0/inst/GenDpu0.u_dpu0/m_dpu_top/m_conv_top/inst_pea/u_mults/GenAddGrp[1].GenAddCh[2].GenMultOcp[4].u_mult_dsp_tree/GenMultPair[1].Gen8x8.u_mult_dsp/u_dsp/GenDsp48E2.u_dsp48e2: When using the PreAdder and AMULTSEL is set to 'AD' and PREADDINSEL is set to 'A', the A operand should be restricted to 26 bit two's complement (and sign extended) to avoid over/underflow in the pre-add stage.
Related violations: <none>

REQP-1731#275 Warning
DSP_Abus_preadd_amult_sel_A_sign_bit_restriction  
kv260_dpu_sobel_bd_i/dpuczdx8g_0/inst/GenDpu0.u_dpu0/m_dpu_top/m_conv_top/inst_pea/u_mults/GenAddGrp[1].GenAddCh[2].GenMultOcp[4].u_mult_dsp_tree/GenMultPair[2].Gen8x8.u_mult_dsp/u_dsp/GenDsp48E2.u_dsp48e2: When using the PreAdder and AMULTSEL is set to 'AD' and PREADDINSEL is set to 'A', the A operand should be restricted to 26 bit two's complement (and sign extended) to avoid over/underflow in the pre-add stage.
Related violations: <none>

REQP-1731#276 Warning
DSP_Abus_preadd_amult_sel_A_sign_bit_restriction  
kv260_dpu_sobel_bd_i/dpuczdx8g_0/inst/GenDpu0.u_dpu0/m_dpu_top/m_conv_top/inst_pea/u_mults/GenAddGrp[1].GenAddCh[2].GenMultOcp[4].u_mult_dsp_tree/GenMultPair[3].Gen8x8.u_mult_dsp/u_dsp/GenDsp48E2.u_dsp48e2: When using the PreAdder and AMULTSEL is set to 'AD' and PREADDINSEL is set to 'A', the A operand should be restricted to 26 bit two's complement (and sign extended) to avoid over/underflow in the pre-add stage.
Related violations: <none>

REQP-1731#277 Warning
DSP_Abus_preadd_amult_sel_A_sign_bit_restriction  
kv260_dpu_sobel_bd_i/dpuczdx8g_0/inst/GenDpu0.u_dpu0/m_dpu_top/m_conv_top/inst_pea/u_mults/GenAddGrp[1].GenAddCh[2].GenMultOcp[5].u_mult_dsp_tree/GenMultPair[0].Gen8x8.u_mult_dsp/u_dsp/GenDsp48E2.u_dsp48e2: When using the PreAdder and AMULTSEL is set to 'AD' and PREADDINSEL is set to 'A', the A operand should be restricted to 26 bit two's complement (and sign extended) to avoid over/underflow in the pre-add stage.
Related violations: <none>

REQP-1731#278 Warning
DSP_Abus_preadd_amult_sel_A_sign_bit_restriction  
kv260_dpu_sobel_bd_i/dpuczdx8g_0/inst/GenDpu0.u_dpu0/m_dpu_top/m_conv_top/inst_pea/u_mults/GenAddGrp[1].GenAddCh[2].GenMultOcp[5].u_mult_dsp_tree/GenMultPair[1].Gen8x8.u_mult_dsp/u_dsp/GenDsp48E2.u_dsp48e2: When using the PreAdder and AMULTSEL is set to 'AD' and PREADDINSEL is set to 'A', the A operand should be restricted to 26 bit two's complement (and sign extended) to avoid over/underflow in the pre-add stage.
Related violations: <none>

REQP-1731#279 Warning
DSP_Abus_preadd_amult_sel_A_sign_bit_restriction  
kv260_dpu_sobel_bd_i/dpuczdx8g_0/inst/GenDpu0.u_dpu0/m_dpu_top/m_conv_top/inst_pea/u_mults/GenAddGrp[1].GenAddCh[2].GenMultOcp[5].u_mult_dsp_tree/GenMultPair[2].Gen8x8.u_mult_dsp/u_dsp/GenDsp48E2.u_dsp48e2: When using the PreAdder and AMULTSEL is set to 'AD' and PREADDINSEL is set to 'A', the A operand should be restricted to 26 bit two's complement (and sign extended) to avoid over/underflow in the pre-add stage.
Related violations: <none>

REQP-1731#280 Warning
DSP_Abus_preadd_amult_sel_A_sign_bit_restriction  
kv260_dpu_sobel_bd_i/dpuczdx8g_0/inst/GenDpu0.u_dpu0/m_dpu_top/m_conv_top/inst_pea/u_mults/GenAddGrp[1].GenAddCh[2].GenMultOcp[5].u_mult_dsp_tree/GenMultPair[3].Gen8x8.u_mult_dsp/u_dsp/GenDsp48E2.u_dsp48e2: When using the PreAdder and AMULTSEL is set to 'AD' and PREADDINSEL is set to 'A', the A operand should be restricted to 26 bit two's complement (and sign extended) to avoid over/underflow in the pre-add stage.
Related violations: <none>

REQP-1731#281 Warning
DSP_Abus_preadd_amult_sel_A_sign_bit_restriction  
kv260_dpu_sobel_bd_i/dpuczdx8g_0/inst/GenDpu0.u_dpu0/m_dpu_top/m_conv_top/inst_pea/u_mults/GenAddGrp[1].GenAddCh[2].GenMultOcp[6].u_mult_dsp_tree/GenMultPair[0].Gen8x8.u_mult_dsp/u_dsp/GenDsp48E2.u_dsp48e2: When using the PreAdder and AMULTSEL is set to 'AD' and PREADDINSEL is set to 'A', the A operand should be restricted to 26 bit two's complement (and sign extended) to avoid over/underflow in the pre-add stage.
Related violations: <none>

REQP-1731#282 Warning
DSP_Abus_preadd_amult_sel_A_sign_bit_restriction  
kv260_dpu_sobel_bd_i/dpuczdx8g_0/inst/GenDpu0.u_dpu0/m_dpu_top/m_conv_top/inst_pea/u_mults/GenAddGrp[1].GenAddCh[2].GenMultOcp[6].u_mult_dsp_tree/GenMultPair[1].Gen8x8.u_mult_dsp/u_dsp/GenDsp48E2.u_dsp48e2: When using the PreAdder and AMULTSEL is set to 'AD' and PREADDINSEL is set to 'A', the A operand should be restricted to 26 bit two's complement (and sign extended) to avoid over/underflow in the pre-add stage.
Related violations: <none>

REQP-1731#283 Warning
DSP_Abus_preadd_amult_sel_A_sign_bit_restriction  
kv260_dpu_sobel_bd_i/dpuczdx8g_0/inst/GenDpu0.u_dpu0/m_dpu_top/m_conv_top/inst_pea/u_mults/GenAddGrp[1].GenAddCh[2].GenMultOcp[6].u_mult_dsp_tree/GenMultPair[2].Gen8x8.u_mult_dsp/u_dsp/GenDsp48E2.u_dsp48e2: When using the PreAdder and AMULTSEL is set to 'AD' and PREADDINSEL is set to 'A', the A operand should be restricted to 26 bit two's complement (and sign extended) to avoid over/underflow in the pre-add stage.
Related violations: <none>

REQP-1731#284 Warning
DSP_Abus_preadd_amult_sel_A_sign_bit_restriction  
kv260_dpu_sobel_bd_i/dpuczdx8g_0/inst/GenDpu0.u_dpu0/m_dpu_top/m_conv_top/inst_pea/u_mults/GenAddGrp[1].GenAddCh[2].GenMultOcp[6].u_mult_dsp_tree/GenMultPair[3].Gen8x8.u_mult_dsp/u_dsp/GenDsp48E2.u_dsp48e2: When using the PreAdder and AMULTSEL is set to 'AD' and PREADDINSEL is set to 'A', the A operand should be restricted to 26 bit two's complement (and sign extended) to avoid over/underflow in the pre-add stage.
Related violations: <none>

REQP-1731#285 Warning
DSP_Abus_preadd_amult_sel_A_sign_bit_restriction  
kv260_dpu_sobel_bd_i/dpuczdx8g_0/inst/GenDpu0.u_dpu0/m_dpu_top/m_conv_top/inst_pea/u_mults/GenAddGrp[1].GenAddCh[2].GenMultOcp[7].u_mult_dsp_tree/GenMultPair[0].Gen8x8.u_mult_dsp/u_dsp/GenDsp48E2.u_dsp48e2: When using the PreAdder and AMULTSEL is set to 'AD' and PREADDINSEL is set to 'A', the A operand should be restricted to 26 bit two's complement (and sign extended) to avoid over/underflow in the pre-add stage.
Related violations: <none>

REQP-1731#286 Warning
DSP_Abus_preadd_amult_sel_A_sign_bit_restriction  
kv260_dpu_sobel_bd_i/dpuczdx8g_0/inst/GenDpu0.u_dpu0/m_dpu_top/m_conv_top/inst_pea/u_mults/GenAddGrp[1].GenAddCh[2].GenMultOcp[7].u_mult_dsp_tree/GenMultPair[1].Gen8x8.u_mult_dsp/u_dsp/GenDsp48E2.u_dsp48e2: When using the PreAdder and AMULTSEL is set to 'AD' and PREADDINSEL is set to 'A', the A operand should be restricted to 26 bit two's complement (and sign extended) to avoid over/underflow in the pre-add stage.
Related violations: <none>

REQP-1731#287 Warning
DSP_Abus_preadd_amult_sel_A_sign_bit_restriction  
kv260_dpu_sobel_bd_i/dpuczdx8g_0/inst/GenDpu0.u_dpu0/m_dpu_top/m_conv_top/inst_pea/u_mults/GenAddGrp[1].GenAddCh[2].GenMultOcp[7].u_mult_dsp_tree/GenMultPair[2].Gen8x8.u_mult_dsp/u_dsp/GenDsp48E2.u_dsp48e2: When using the PreAdder and AMULTSEL is set to 'AD' and PREADDINSEL is set to 'A', the A operand should be restricted to 26 bit two's complement (and sign extended) to avoid over/underflow in the pre-add stage.
Related violations: <none>

REQP-1731#288 Warning
DSP_Abus_preadd_amult_sel_A_sign_bit_restriction  
kv260_dpu_sobel_bd_i/dpuczdx8g_0/inst/GenDpu0.u_dpu0/m_dpu_top/m_conv_top/inst_pea/u_mults/GenAddGrp[1].GenAddCh[2].GenMultOcp[7].u_mult_dsp_tree/GenMultPair[3].Gen8x8.u_mult_dsp/u_dsp/GenDsp48E2.u_dsp48e2: When using the PreAdder and AMULTSEL is set to 'AD' and PREADDINSEL is set to 'A', the A operand should be restricted to 26 bit two's complement (and sign extended) to avoid over/underflow in the pre-add stage.
Related violations: <none>

REQP-1731#289 Warning
DSP_Abus_preadd_amult_sel_A_sign_bit_restriction  
kv260_dpu_sobel_bd_i/dpuczdx8g_0/inst/GenDpu0.u_dpu0/m_dpu_top/m_conv_top/inst_pea/u_mults/GenAddGrp[1].GenAddCh[3].GenMultOcp[0].u_mult_dsp_tree/GenMultPair[0].Gen8x8.u_mult_dsp/u_dsp/GenDsp48E2.u_dsp48e2: When using the PreAdder and AMULTSEL is set to 'AD' and PREADDINSEL is set to 'A', the A operand should be restricted to 26 bit two's complement (and sign extended) to avoid over/underflow in the pre-add stage.
Related violations: <none>

REQP-1731#290 Warning
DSP_Abus_preadd_amult_sel_A_sign_bit_restriction  
kv260_dpu_sobel_bd_i/dpuczdx8g_0/inst/GenDpu0.u_dpu0/m_dpu_top/m_conv_top/inst_pea/u_mults/GenAddGrp[1].GenAddCh[3].GenMultOcp[0].u_mult_dsp_tree/GenMultPair[1].Gen8x8.u_mult_dsp/u_dsp/GenDsp48E2.u_dsp48e2: When using the PreAdder and AMULTSEL is set to 'AD' and PREADDINSEL is set to 'A', the A operand should be restricted to 26 bit two's complement (and sign extended) to avoid over/underflow in the pre-add stage.
Related violations: <none>

REQP-1731#291 Warning
DSP_Abus_preadd_amult_sel_A_sign_bit_restriction  
kv260_dpu_sobel_bd_i/dpuczdx8g_0/inst/GenDpu0.u_dpu0/m_dpu_top/m_conv_top/inst_pea/u_mults/GenAddGrp[1].GenAddCh[3].GenMultOcp[0].u_mult_dsp_tree/GenMultPair[2].Gen8x8.u_mult_dsp/u_dsp/GenDsp48E2.u_dsp48e2: When using the PreAdder and AMULTSEL is set to 'AD' and PREADDINSEL is set to 'A', the A operand should be restricted to 26 bit two's complement (and sign extended) to avoid over/underflow in the pre-add stage.
Related violations: <none>

REQP-1731#292 Warning
DSP_Abus_preadd_amult_sel_A_sign_bit_restriction  
kv260_dpu_sobel_bd_i/dpuczdx8g_0/inst/GenDpu0.u_dpu0/m_dpu_top/m_conv_top/inst_pea/u_mults/GenAddGrp[1].GenAddCh[3].GenMultOcp[0].u_mult_dsp_tree/GenMultPair[3].Gen8x8.u_mult_dsp/u_dsp/GenDsp48E2.u_dsp48e2: When using the PreAdder and AMULTSEL is set to 'AD' and PREADDINSEL is set to 'A', the A operand should be restricted to 26 bit two's complement (and sign extended) to avoid over/underflow in the pre-add stage.
Related violations: <none>

REQP-1731#293 Warning
DSP_Abus_preadd_amult_sel_A_sign_bit_restriction  
kv260_dpu_sobel_bd_i/dpuczdx8g_0/inst/GenDpu0.u_dpu0/m_dpu_top/m_conv_top/inst_pea/u_mults/GenAddGrp[1].GenAddCh[3].GenMultOcp[1].u_mult_dsp_tree/GenMultPair[0].Gen8x8.u_mult_dsp/u_dsp/GenDsp48E2.u_dsp48e2: When using the PreAdder and AMULTSEL is set to 'AD' and PREADDINSEL is set to 'A', the A operand should be restricted to 26 bit two's complement (and sign extended) to avoid over/underflow in the pre-add stage.
Related violations: <none>

REQP-1731#294 Warning
DSP_Abus_preadd_amult_sel_A_sign_bit_restriction  
kv260_dpu_sobel_bd_i/dpuczdx8g_0/inst/GenDpu0.u_dpu0/m_dpu_top/m_conv_top/inst_pea/u_mults/GenAddGrp[1].GenAddCh[3].GenMultOcp[1].u_mult_dsp_tree/GenMultPair[1].Gen8x8.u_mult_dsp/u_dsp/GenDsp48E2.u_dsp48e2: When using the PreAdder and AMULTSEL is set to 'AD' and PREADDINSEL is set to 'A', the A operand should be restricted to 26 bit two's complement (and sign extended) to avoid over/underflow in the pre-add stage.
Related violations: <none>

REQP-1731#295 Warning
DSP_Abus_preadd_amult_sel_A_sign_bit_restriction  
kv260_dpu_sobel_bd_i/dpuczdx8g_0/inst/GenDpu0.u_dpu0/m_dpu_top/m_conv_top/inst_pea/u_mults/GenAddGrp[1].GenAddCh[3].GenMultOcp[1].u_mult_dsp_tree/GenMultPair[2].Gen8x8.u_mult_dsp/u_dsp/GenDsp48E2.u_dsp48e2: When using the PreAdder and AMULTSEL is set to 'AD' and PREADDINSEL is set to 'A', the A operand should be restricted to 26 bit two's complement (and sign extended) to avoid over/underflow in the pre-add stage.
Related violations: <none>

REQP-1731#296 Warning
DSP_Abus_preadd_amult_sel_A_sign_bit_restriction  
kv260_dpu_sobel_bd_i/dpuczdx8g_0/inst/GenDpu0.u_dpu0/m_dpu_top/m_conv_top/inst_pea/u_mults/GenAddGrp[1].GenAddCh[3].GenMultOcp[1].u_mult_dsp_tree/GenMultPair[3].Gen8x8.u_mult_dsp/u_dsp/GenDsp48E2.u_dsp48e2: When using the PreAdder and AMULTSEL is set to 'AD' and PREADDINSEL is set to 'A', the A operand should be restricted to 26 bit two's complement (and sign extended) to avoid over/underflow in the pre-add stage.
Related violations: <none>

REQP-1731#297 Warning
DSP_Abus_preadd_amult_sel_A_sign_bit_restriction  
kv260_dpu_sobel_bd_i/dpuczdx8g_0/inst/GenDpu0.u_dpu0/m_dpu_top/m_conv_top/inst_pea/u_mults/GenAddGrp[1].GenAddCh[3].GenMultOcp[2].u_mult_dsp_tree/GenMultPair[0].Gen8x8.u_mult_dsp/u_dsp/GenDsp48E2.u_dsp48e2: When using the PreAdder and AMULTSEL is set to 'AD' and PREADDINSEL is set to 'A', the A operand should be restricted to 26 bit two's complement (and sign extended) to avoid over/underflow in the pre-add stage.
Related violations: <none>

REQP-1731#298 Warning
DSP_Abus_preadd_amult_sel_A_sign_bit_restriction  
kv260_dpu_sobel_bd_i/dpuczdx8g_0/inst/GenDpu0.u_dpu0/m_dpu_top/m_conv_top/inst_pea/u_mults/GenAddGrp[1].GenAddCh[3].GenMultOcp[2].u_mult_dsp_tree/GenMultPair[1].Gen8x8.u_mult_dsp/u_dsp/GenDsp48E2.u_dsp48e2: When using the PreAdder and AMULTSEL is set to 'AD' and PREADDINSEL is set to 'A', the A operand should be restricted to 26 bit two's complement (and sign extended) to avoid over/underflow in the pre-add stage.
Related violations: <none>

REQP-1731#299 Warning
DSP_Abus_preadd_amult_sel_A_sign_bit_restriction  
kv260_dpu_sobel_bd_i/dpuczdx8g_0/inst/GenDpu0.u_dpu0/m_dpu_top/m_conv_top/inst_pea/u_mults/GenAddGrp[1].GenAddCh[3].GenMultOcp[2].u_mult_dsp_tree/GenMultPair[2].Gen8x8.u_mult_dsp/u_dsp/GenDsp48E2.u_dsp48e2: When using the PreAdder and AMULTSEL is set to 'AD' and PREADDINSEL is set to 'A', the A operand should be restricted to 26 bit two's complement (and sign extended) to avoid over/underflow in the pre-add stage.
Related violations: <none>

REQP-1731#300 Warning
DSP_Abus_preadd_amult_sel_A_sign_bit_restriction  
kv260_dpu_sobel_bd_i/dpuczdx8g_0/inst/GenDpu0.u_dpu0/m_dpu_top/m_conv_top/inst_pea/u_mults/GenAddGrp[1].GenAddCh[3].GenMultOcp[2].u_mult_dsp_tree/GenMultPair[3].Gen8x8.u_mult_dsp/u_dsp/GenDsp48E2.u_dsp48e2: When using the PreAdder and AMULTSEL is set to 'AD' and PREADDINSEL is set to 'A', the A operand should be restricted to 26 bit two's complement (and sign extended) to avoid over/underflow in the pre-add stage.
Related violations: <none>

REQP-1731#301 Warning
DSP_Abus_preadd_amult_sel_A_sign_bit_restriction  
kv260_dpu_sobel_bd_i/dpuczdx8g_0/inst/GenDpu0.u_dpu0/m_dpu_top/m_conv_top/inst_pea/u_mults/GenAddGrp[1].GenAddCh[3].GenMultOcp[3].u_mult_dsp_tree/GenMultPair[0].Gen8x8.u_mult_dsp/u_dsp/GenDsp48E2.u_dsp48e2: When using the PreAdder and AMULTSEL is set to 'AD' and PREADDINSEL is set to 'A', the A operand should be restricted to 26 bit two's complement (and sign extended) to avoid over/underflow in the pre-add stage.
Related violations: <none>

REQP-1731#302 Warning
DSP_Abus_preadd_amult_sel_A_sign_bit_restriction  
kv260_dpu_sobel_bd_i/dpuczdx8g_0/inst/GenDpu0.u_dpu0/m_dpu_top/m_conv_top/inst_pea/u_mults/GenAddGrp[1].GenAddCh[3].GenMultOcp[3].u_mult_dsp_tree/GenMultPair[1].Gen8x8.u_mult_dsp/u_dsp/GenDsp48E2.u_dsp48e2: When using the PreAdder and AMULTSEL is set to 'AD' and PREADDINSEL is set to 'A', the A operand should be restricted to 26 bit two's complement (and sign extended) to avoid over/underflow in the pre-add stage.
Related violations: <none>

REQP-1731#303 Warning
DSP_Abus_preadd_amult_sel_A_sign_bit_restriction  
kv260_dpu_sobel_bd_i/dpuczdx8g_0/inst/GenDpu0.u_dpu0/m_dpu_top/m_conv_top/inst_pea/u_mults/GenAddGrp[1].GenAddCh[3].GenMultOcp[3].u_mult_dsp_tree/GenMultPair[2].Gen8x8.u_mult_dsp/u_dsp/GenDsp48E2.u_dsp48e2: When using the PreAdder and AMULTSEL is set to 'AD' and PREADDINSEL is set to 'A', the A operand should be restricted to 26 bit two's complement (and sign extended) to avoid over/underflow in the pre-add stage.
Related violations: <none>

REQP-1731#304 Warning
DSP_Abus_preadd_amult_sel_A_sign_bit_restriction  
kv260_dpu_sobel_bd_i/dpuczdx8g_0/inst/GenDpu0.u_dpu0/m_dpu_top/m_conv_top/inst_pea/u_mults/GenAddGrp[1].GenAddCh[3].GenMultOcp[3].u_mult_dsp_tree/GenMultPair[3].Gen8x8.u_mult_dsp/u_dsp/GenDsp48E2.u_dsp48e2: When using the PreAdder and AMULTSEL is set to 'AD' and PREADDINSEL is set to 'A', the A operand should be restricted to 26 bit two's complement (and sign extended) to avoid over/underflow in the pre-add stage.
Related violations: <none>

REQP-1731#305 Warning
DSP_Abus_preadd_amult_sel_A_sign_bit_restriction  
kv260_dpu_sobel_bd_i/dpuczdx8g_0/inst/GenDpu0.u_dpu0/m_dpu_top/m_conv_top/inst_pea/u_mults/GenAddGrp[1].GenAddCh[3].GenMultOcp[4].u_mult_dsp_tree/GenMultPair[0].Gen8x8.u_mult_dsp/u_dsp/GenDsp48E2.u_dsp48e2: When using the PreAdder and AMULTSEL is set to 'AD' and PREADDINSEL is set to 'A', the A operand should be restricted to 26 bit two's complement (and sign extended) to avoid over/underflow in the pre-add stage.
Related violations: <none>

REQP-1731#306 Warning
DSP_Abus_preadd_amult_sel_A_sign_bit_restriction  
kv260_dpu_sobel_bd_i/dpuczdx8g_0/inst/GenDpu0.u_dpu0/m_dpu_top/m_conv_top/inst_pea/u_mults/GenAddGrp[1].GenAddCh[3].GenMultOcp[4].u_mult_dsp_tree/GenMultPair[1].Gen8x8.u_mult_dsp/u_dsp/GenDsp48E2.u_dsp48e2: When using the PreAdder and AMULTSEL is set to 'AD' and PREADDINSEL is set to 'A', the A operand should be restricted to 26 bit two's complement (and sign extended) to avoid over/underflow in the pre-add stage.
Related violations: <none>

REQP-1731#307 Warning
DSP_Abus_preadd_amult_sel_A_sign_bit_restriction  
kv260_dpu_sobel_bd_i/dpuczdx8g_0/inst/GenDpu0.u_dpu0/m_dpu_top/m_conv_top/inst_pea/u_mults/GenAddGrp[1].GenAddCh[3].GenMultOcp[4].u_mult_dsp_tree/GenMultPair[2].Gen8x8.u_mult_dsp/u_dsp/GenDsp48E2.u_dsp48e2: When using the PreAdder and AMULTSEL is set to 'AD' and PREADDINSEL is set to 'A', the A operand should be restricted to 26 bit two's complement (and sign extended) to avoid over/underflow in the pre-add stage.
Related violations: <none>

REQP-1731#308 Warning
DSP_Abus_preadd_amult_sel_A_sign_bit_restriction  
kv260_dpu_sobel_bd_i/dpuczdx8g_0/inst/GenDpu0.u_dpu0/m_dpu_top/m_conv_top/inst_pea/u_mults/GenAddGrp[1].GenAddCh[3].GenMultOcp[4].u_mult_dsp_tree/GenMultPair[3].Gen8x8.u_mult_dsp/u_dsp/GenDsp48E2.u_dsp48e2: When using the PreAdder and AMULTSEL is set to 'AD' and PREADDINSEL is set to 'A', the A operand should be restricted to 26 bit two's complement (and sign extended) to avoid over/underflow in the pre-add stage.
Related violations: <none>

REQP-1731#309 Warning
DSP_Abus_preadd_amult_sel_A_sign_bit_restriction  
kv260_dpu_sobel_bd_i/dpuczdx8g_0/inst/GenDpu0.u_dpu0/m_dpu_top/m_conv_top/inst_pea/u_mults/GenAddGrp[1].GenAddCh[3].GenMultOcp[5].u_mult_dsp_tree/GenMultPair[0].Gen8x8.u_mult_dsp/u_dsp/GenDsp48E2.u_dsp48e2: When using the PreAdder and AMULTSEL is set to 'AD' and PREADDINSEL is set to 'A', the A operand should be restricted to 26 bit two's complement (and sign extended) to avoid over/underflow in the pre-add stage.
Related violations: <none>

REQP-1731#310 Warning
DSP_Abus_preadd_amult_sel_A_sign_bit_restriction  
kv260_dpu_sobel_bd_i/dpuczdx8g_0/inst/GenDpu0.u_dpu0/m_dpu_top/m_conv_top/inst_pea/u_mults/GenAddGrp[1].GenAddCh[3].GenMultOcp[5].u_mult_dsp_tree/GenMultPair[1].Gen8x8.u_mult_dsp/u_dsp/GenDsp48E2.u_dsp48e2: When using the PreAdder and AMULTSEL is set to 'AD' and PREADDINSEL is set to 'A', the A operand should be restricted to 26 bit two's complement (and sign extended) to avoid over/underflow in the pre-add stage.
Related violations: <none>

REQP-1731#311 Warning
DSP_Abus_preadd_amult_sel_A_sign_bit_restriction  
kv260_dpu_sobel_bd_i/dpuczdx8g_0/inst/GenDpu0.u_dpu0/m_dpu_top/m_conv_top/inst_pea/u_mults/GenAddGrp[1].GenAddCh[3].GenMultOcp[5].u_mult_dsp_tree/GenMultPair[2].Gen8x8.u_mult_dsp/u_dsp/GenDsp48E2.u_dsp48e2: When using the PreAdder and AMULTSEL is set to 'AD' and PREADDINSEL is set to 'A', the A operand should be restricted to 26 bit two's complement (and sign extended) to avoid over/underflow in the pre-add stage.
Related violations: <none>

REQP-1731#312 Warning
DSP_Abus_preadd_amult_sel_A_sign_bit_restriction  
kv260_dpu_sobel_bd_i/dpuczdx8g_0/inst/GenDpu0.u_dpu0/m_dpu_top/m_conv_top/inst_pea/u_mults/GenAddGrp[1].GenAddCh[3].GenMultOcp[5].u_mult_dsp_tree/GenMultPair[3].Gen8x8.u_mult_dsp/u_dsp/GenDsp48E2.u_dsp48e2: When using the PreAdder and AMULTSEL is set to 'AD' and PREADDINSEL is set to 'A', the A operand should be restricted to 26 bit two's complement (and sign extended) to avoid over/underflow in the pre-add stage.
Related violations: <none>

REQP-1731#313 Warning
DSP_Abus_preadd_amult_sel_A_sign_bit_restriction  
kv260_dpu_sobel_bd_i/dpuczdx8g_0/inst/GenDpu0.u_dpu0/m_dpu_top/m_conv_top/inst_pea/u_mults/GenAddGrp[1].GenAddCh[3].GenMultOcp[6].u_mult_dsp_tree/GenMultPair[0].Gen8x8.u_mult_dsp/u_dsp/GenDsp48E2.u_dsp48e2: When using the PreAdder and AMULTSEL is set to 'AD' and PREADDINSEL is set to 'A', the A operand should be restricted to 26 bit two's complement (and sign extended) to avoid over/underflow in the pre-add stage.
Related violations: <none>

REQP-1731#314 Warning
DSP_Abus_preadd_amult_sel_A_sign_bit_restriction  
kv260_dpu_sobel_bd_i/dpuczdx8g_0/inst/GenDpu0.u_dpu0/m_dpu_top/m_conv_top/inst_pea/u_mults/GenAddGrp[1].GenAddCh[3].GenMultOcp[6].u_mult_dsp_tree/GenMultPair[1].Gen8x8.u_mult_dsp/u_dsp/GenDsp48E2.u_dsp48e2: When using the PreAdder and AMULTSEL is set to 'AD' and PREADDINSEL is set to 'A', the A operand should be restricted to 26 bit two's complement (and sign extended) to avoid over/underflow in the pre-add stage.
Related violations: <none>

REQP-1731#315 Warning
DSP_Abus_preadd_amult_sel_A_sign_bit_restriction  
kv260_dpu_sobel_bd_i/dpuczdx8g_0/inst/GenDpu0.u_dpu0/m_dpu_top/m_conv_top/inst_pea/u_mults/GenAddGrp[1].GenAddCh[3].GenMultOcp[6].u_mult_dsp_tree/GenMultPair[2].Gen8x8.u_mult_dsp/u_dsp/GenDsp48E2.u_dsp48e2: When using the PreAdder and AMULTSEL is set to 'AD' and PREADDINSEL is set to 'A', the A operand should be restricted to 26 bit two's complement (and sign extended) to avoid over/underflow in the pre-add stage.
Related violations: <none>

REQP-1731#316 Warning
DSP_Abus_preadd_amult_sel_A_sign_bit_restriction  
kv260_dpu_sobel_bd_i/dpuczdx8g_0/inst/GenDpu0.u_dpu0/m_dpu_top/m_conv_top/inst_pea/u_mults/GenAddGrp[1].GenAddCh[3].GenMultOcp[6].u_mult_dsp_tree/GenMultPair[3].Gen8x8.u_mult_dsp/u_dsp/GenDsp48E2.u_dsp48e2: When using the PreAdder and AMULTSEL is set to 'AD' and PREADDINSEL is set to 'A', the A operand should be restricted to 26 bit two's complement (and sign extended) to avoid over/underflow in the pre-add stage.
Related violations: <none>

REQP-1731#317 Warning
DSP_Abus_preadd_amult_sel_A_sign_bit_restriction  
kv260_dpu_sobel_bd_i/dpuczdx8g_0/inst/GenDpu0.u_dpu0/m_dpu_top/m_conv_top/inst_pea/u_mults/GenAddGrp[1].GenAddCh[3].GenMultOcp[7].u_mult_dsp_tree/GenMultPair[0].Gen8x8.u_mult_dsp/u_dsp/GenDsp48E2.u_dsp48e2: When using the PreAdder and AMULTSEL is set to 'AD' and PREADDINSEL is set to 'A', the A operand should be restricted to 26 bit two's complement (and sign extended) to avoid over/underflow in the pre-add stage.
Related violations: <none>

REQP-1731#318 Warning
DSP_Abus_preadd_amult_sel_A_sign_bit_restriction  
kv260_dpu_sobel_bd_i/dpuczdx8g_0/inst/GenDpu0.u_dpu0/m_dpu_top/m_conv_top/inst_pea/u_mults/GenAddGrp[1].GenAddCh[3].GenMultOcp[7].u_mult_dsp_tree/GenMultPair[1].Gen8x8.u_mult_dsp/u_dsp/GenDsp48E2.u_dsp48e2: When using the PreAdder and AMULTSEL is set to 'AD' and PREADDINSEL is set to 'A', the A operand should be restricted to 26 bit two's complement (and sign extended) to avoid over/underflow in the pre-add stage.
Related violations: <none>

REQP-1731#319 Warning
DSP_Abus_preadd_amult_sel_A_sign_bit_restriction  
kv260_dpu_sobel_bd_i/dpuczdx8g_0/inst/GenDpu0.u_dpu0/m_dpu_top/m_conv_top/inst_pea/u_mults/GenAddGrp[1].GenAddCh[3].GenMultOcp[7].u_mult_dsp_tree/GenMultPair[2].Gen8x8.u_mult_dsp/u_dsp/GenDsp48E2.u_dsp48e2: When using the PreAdder and AMULTSEL is set to 'AD' and PREADDINSEL is set to 'A', the A operand should be restricted to 26 bit two's complement (and sign extended) to avoid over/underflow in the pre-add stage.
Related violations: <none>

REQP-1731#320 Warning
DSP_Abus_preadd_amult_sel_A_sign_bit_restriction  
kv260_dpu_sobel_bd_i/dpuczdx8g_0/inst/GenDpu0.u_dpu0/m_dpu_top/m_conv_top/inst_pea/u_mults/GenAddGrp[1].GenAddCh[3].GenMultOcp[7].u_mult_dsp_tree/GenMultPair[3].Gen8x8.u_mult_dsp/u_dsp/GenDsp48E2.u_dsp48e2: When using the PreAdder and AMULTSEL is set to 'AD' and PREADDINSEL is set to 'A', the A operand should be restricted to 26 bit two's complement (and sign extended) to avoid over/underflow in the pre-add stage.
Related violations: <none>

REQP-1731#321 Warning
DSP_Abus_preadd_amult_sel_A_sign_bit_restriction  
kv260_dpu_sobel_bd_i/dpuczdx8g_0/inst/GenDpu0.u_dpu0/m_dpu_top/m_conv_top/inst_pea/u_mults/GenAddGrp[1].GenAddCh[4].GenMultOcp[0].u_mult_dsp_tree/GenMultPair[0].Gen8x8.u_mult_dsp/u_dsp/GenDsp48E2.u_dsp48e2: When using the PreAdder and AMULTSEL is set to 'AD' and PREADDINSEL is set to 'A', the A operand should be restricted to 26 bit two's complement (and sign extended) to avoid over/underflow in the pre-add stage.
Related violations: <none>

REQP-1731#322 Warning
DSP_Abus_preadd_amult_sel_A_sign_bit_restriction  
kv260_dpu_sobel_bd_i/dpuczdx8g_0/inst/GenDpu0.u_dpu0/m_dpu_top/m_conv_top/inst_pea/u_mults/GenAddGrp[1].GenAddCh[4].GenMultOcp[0].u_mult_dsp_tree/GenMultPair[1].Gen8x8.u_mult_dsp/u_dsp/GenDsp48E2.u_dsp48e2: When using the PreAdder and AMULTSEL is set to 'AD' and PREADDINSEL is set to 'A', the A operand should be restricted to 26 bit two's complement (and sign extended) to avoid over/underflow in the pre-add stage.
Related violations: <none>

REQP-1731#323 Warning
DSP_Abus_preadd_amult_sel_A_sign_bit_restriction  
kv260_dpu_sobel_bd_i/dpuczdx8g_0/inst/GenDpu0.u_dpu0/m_dpu_top/m_conv_top/inst_pea/u_mults/GenAddGrp[1].GenAddCh[4].GenMultOcp[0].u_mult_dsp_tree/GenMultPair[2].Gen8x8.u_mult_dsp/u_dsp/GenDsp48E2.u_dsp48e2: When using the PreAdder and AMULTSEL is set to 'AD' and PREADDINSEL is set to 'A', the A operand should be restricted to 26 bit two's complement (and sign extended) to avoid over/underflow in the pre-add stage.
Related violations: <none>

REQP-1731#324 Warning
DSP_Abus_preadd_amult_sel_A_sign_bit_restriction  
kv260_dpu_sobel_bd_i/dpuczdx8g_0/inst/GenDpu0.u_dpu0/m_dpu_top/m_conv_top/inst_pea/u_mults/GenAddGrp[1].GenAddCh[4].GenMultOcp[0].u_mult_dsp_tree/GenMultPair[3].Gen8x8.u_mult_dsp/u_dsp/GenDsp48E2.u_dsp48e2: When using the PreAdder and AMULTSEL is set to 'AD' and PREADDINSEL is set to 'A', the A operand should be restricted to 26 bit two's complement (and sign extended) to avoid over/underflow in the pre-add stage.
Related violations: <none>

REQP-1731#325 Warning
DSP_Abus_preadd_amult_sel_A_sign_bit_restriction  
kv260_dpu_sobel_bd_i/dpuczdx8g_0/inst/GenDpu0.u_dpu0/m_dpu_top/m_conv_top/inst_pea/u_mults/GenAddGrp[1].GenAddCh[4].GenMultOcp[1].u_mult_dsp_tree/GenMultPair[0].Gen8x8.u_mult_dsp/u_dsp/GenDsp48E2.u_dsp48e2: When using the PreAdder and AMULTSEL is set to 'AD' and PREADDINSEL is set to 'A', the A operand should be restricted to 26 bit two's complement (and sign extended) to avoid over/underflow in the pre-add stage.
Related violations: <none>

REQP-1731#326 Warning
DSP_Abus_preadd_amult_sel_A_sign_bit_restriction  
kv260_dpu_sobel_bd_i/dpuczdx8g_0/inst/GenDpu0.u_dpu0/m_dpu_top/m_conv_top/inst_pea/u_mults/GenAddGrp[1].GenAddCh[4].GenMultOcp[1].u_mult_dsp_tree/GenMultPair[1].Gen8x8.u_mult_dsp/u_dsp/GenDsp48E2.u_dsp48e2: When using the PreAdder and AMULTSEL is set to 'AD' and PREADDINSEL is set to 'A', the A operand should be restricted to 26 bit two's complement (and sign extended) to avoid over/underflow in the pre-add stage.
Related violations: <none>

REQP-1731#327 Warning
DSP_Abus_preadd_amult_sel_A_sign_bit_restriction  
kv260_dpu_sobel_bd_i/dpuczdx8g_0/inst/GenDpu0.u_dpu0/m_dpu_top/m_conv_top/inst_pea/u_mults/GenAddGrp[1].GenAddCh[4].GenMultOcp[1].u_mult_dsp_tree/GenMultPair[2].Gen8x8.u_mult_dsp/u_dsp/GenDsp48E2.u_dsp48e2: When using the PreAdder and AMULTSEL is set to 'AD' and PREADDINSEL is set to 'A', the A operand should be restricted to 26 bit two's complement (and sign extended) to avoid over/underflow in the pre-add stage.
Related violations: <none>

REQP-1731#328 Warning
DSP_Abus_preadd_amult_sel_A_sign_bit_restriction  
kv260_dpu_sobel_bd_i/dpuczdx8g_0/inst/GenDpu0.u_dpu0/m_dpu_top/m_conv_top/inst_pea/u_mults/GenAddGrp[1].GenAddCh[4].GenMultOcp[1].u_mult_dsp_tree/GenMultPair[3].Gen8x8.u_mult_dsp/u_dsp/GenDsp48E2.u_dsp48e2: When using the PreAdder and AMULTSEL is set to 'AD' and PREADDINSEL is set to 'A', the A operand should be restricted to 26 bit two's complement (and sign extended) to avoid over/underflow in the pre-add stage.
Related violations: <none>

REQP-1731#329 Warning
DSP_Abus_preadd_amult_sel_A_sign_bit_restriction  
kv260_dpu_sobel_bd_i/dpuczdx8g_0/inst/GenDpu0.u_dpu0/m_dpu_top/m_conv_top/inst_pea/u_mults/GenAddGrp[1].GenAddCh[4].GenMultOcp[2].u_mult_dsp_tree/GenMultPair[0].Gen8x8.u_mult_dsp/u_dsp/GenDsp48E2.u_dsp48e2: When using the PreAdder and AMULTSEL is set to 'AD' and PREADDINSEL is set to 'A', the A operand should be restricted to 26 bit two's complement (and sign extended) to avoid over/underflow in the pre-add stage.
Related violations: <none>

REQP-1731#330 Warning
DSP_Abus_preadd_amult_sel_A_sign_bit_restriction  
kv260_dpu_sobel_bd_i/dpuczdx8g_0/inst/GenDpu0.u_dpu0/m_dpu_top/m_conv_top/inst_pea/u_mults/GenAddGrp[1].GenAddCh[4].GenMultOcp[2].u_mult_dsp_tree/GenMultPair[1].Gen8x8.u_mult_dsp/u_dsp/GenDsp48E2.u_dsp48e2: When using the PreAdder and AMULTSEL is set to 'AD' and PREADDINSEL is set to 'A', the A operand should be restricted to 26 bit two's complement (and sign extended) to avoid over/underflow in the pre-add stage.
Related violations: <none>

REQP-1731#331 Warning
DSP_Abus_preadd_amult_sel_A_sign_bit_restriction  
kv260_dpu_sobel_bd_i/dpuczdx8g_0/inst/GenDpu0.u_dpu0/m_dpu_top/m_conv_top/inst_pea/u_mults/GenAddGrp[1].GenAddCh[4].GenMultOcp[2].u_mult_dsp_tree/GenMultPair[2].Gen8x8.u_mult_dsp/u_dsp/GenDsp48E2.u_dsp48e2: When using the PreAdder and AMULTSEL is set to 'AD' and PREADDINSEL is set to 'A', the A operand should be restricted to 26 bit two's complement (and sign extended) to avoid over/underflow in the pre-add stage.
Related violations: <none>

REQP-1731#332 Warning
DSP_Abus_preadd_amult_sel_A_sign_bit_restriction  
kv260_dpu_sobel_bd_i/dpuczdx8g_0/inst/GenDpu0.u_dpu0/m_dpu_top/m_conv_top/inst_pea/u_mults/GenAddGrp[1].GenAddCh[4].GenMultOcp[2].u_mult_dsp_tree/GenMultPair[3].Gen8x8.u_mult_dsp/u_dsp/GenDsp48E2.u_dsp48e2: When using the PreAdder and AMULTSEL is set to 'AD' and PREADDINSEL is set to 'A', the A operand should be restricted to 26 bit two's complement (and sign extended) to avoid over/underflow in the pre-add stage.
Related violations: <none>

REQP-1731#333 Warning
DSP_Abus_preadd_amult_sel_A_sign_bit_restriction  
kv260_dpu_sobel_bd_i/dpuczdx8g_0/inst/GenDpu0.u_dpu0/m_dpu_top/m_conv_top/inst_pea/u_mults/GenAddGrp[1].GenAddCh[4].GenMultOcp[3].u_mult_dsp_tree/GenMultPair[0].Gen8x8.u_mult_dsp/u_dsp/GenDsp48E2.u_dsp48e2: When using the PreAdder and AMULTSEL is set to 'AD' and PREADDINSEL is set to 'A', the A operand should be restricted to 26 bit two's complement (and sign extended) to avoid over/underflow in the pre-add stage.
Related violations: <none>

REQP-1731#334 Warning
DSP_Abus_preadd_amult_sel_A_sign_bit_restriction  
kv260_dpu_sobel_bd_i/dpuczdx8g_0/inst/GenDpu0.u_dpu0/m_dpu_top/m_conv_top/inst_pea/u_mults/GenAddGrp[1].GenAddCh[4].GenMultOcp[3].u_mult_dsp_tree/GenMultPair[1].Gen8x8.u_mult_dsp/u_dsp/GenDsp48E2.u_dsp48e2: When using the PreAdder and AMULTSEL is set to 'AD' and PREADDINSEL is set to 'A', the A operand should be restricted to 26 bit two's complement (and sign extended) to avoid over/underflow in the pre-add stage.
Related violations: <none>

REQP-1731#335 Warning
DSP_Abus_preadd_amult_sel_A_sign_bit_restriction  
kv260_dpu_sobel_bd_i/dpuczdx8g_0/inst/GenDpu0.u_dpu0/m_dpu_top/m_conv_top/inst_pea/u_mults/GenAddGrp[1].GenAddCh[4].GenMultOcp[3].u_mult_dsp_tree/GenMultPair[2].Gen8x8.u_mult_dsp/u_dsp/GenDsp48E2.u_dsp48e2: When using the PreAdder and AMULTSEL is set to 'AD' and PREADDINSEL is set to 'A', the A operand should be restricted to 26 bit two's complement (and sign extended) to avoid over/underflow in the pre-add stage.
Related violations: <none>

REQP-1731#336 Warning
DSP_Abus_preadd_amult_sel_A_sign_bit_restriction  
kv260_dpu_sobel_bd_i/dpuczdx8g_0/inst/GenDpu0.u_dpu0/m_dpu_top/m_conv_top/inst_pea/u_mults/GenAddGrp[1].GenAddCh[4].GenMultOcp[3].u_mult_dsp_tree/GenMultPair[3].Gen8x8.u_mult_dsp/u_dsp/GenDsp48E2.u_dsp48e2: When using the PreAdder and AMULTSEL is set to 'AD' and PREADDINSEL is set to 'A', the A operand should be restricted to 26 bit two's complement (and sign extended) to avoid over/underflow in the pre-add stage.
Related violations: <none>

REQP-1731#337 Warning
DSP_Abus_preadd_amult_sel_A_sign_bit_restriction  
kv260_dpu_sobel_bd_i/dpuczdx8g_0/inst/GenDpu0.u_dpu0/m_dpu_top/m_conv_top/inst_pea/u_mults/GenAddGrp[1].GenAddCh[4].GenMultOcp[4].u_mult_dsp_tree/GenMultPair[0].Gen8x8.u_mult_dsp/u_dsp/GenDsp48E2.u_dsp48e2: When using the PreAdder and AMULTSEL is set to 'AD' and PREADDINSEL is set to 'A', the A operand should be restricted to 26 bit two's complement (and sign extended) to avoid over/underflow in the pre-add stage.
Related violations: <none>

REQP-1731#338 Warning
DSP_Abus_preadd_amult_sel_A_sign_bit_restriction  
kv260_dpu_sobel_bd_i/dpuczdx8g_0/inst/GenDpu0.u_dpu0/m_dpu_top/m_conv_top/inst_pea/u_mults/GenAddGrp[1].GenAddCh[4].GenMultOcp[4].u_mult_dsp_tree/GenMultPair[1].Gen8x8.u_mult_dsp/u_dsp/GenDsp48E2.u_dsp48e2: When using the PreAdder and AMULTSEL is set to 'AD' and PREADDINSEL is set to 'A', the A operand should be restricted to 26 bit two's complement (and sign extended) to avoid over/underflow in the pre-add stage.
Related violations: <none>

REQP-1731#339 Warning
DSP_Abus_preadd_amult_sel_A_sign_bit_restriction  
kv260_dpu_sobel_bd_i/dpuczdx8g_0/inst/GenDpu0.u_dpu0/m_dpu_top/m_conv_top/inst_pea/u_mults/GenAddGrp[1].GenAddCh[4].GenMultOcp[4].u_mult_dsp_tree/GenMultPair[2].Gen8x8.u_mult_dsp/u_dsp/GenDsp48E2.u_dsp48e2: When using the PreAdder and AMULTSEL is set to 'AD' and PREADDINSEL is set to 'A', the A operand should be restricted to 26 bit two's complement (and sign extended) to avoid over/underflow in the pre-add stage.
Related violations: <none>

REQP-1731#340 Warning
DSP_Abus_preadd_amult_sel_A_sign_bit_restriction  
kv260_dpu_sobel_bd_i/dpuczdx8g_0/inst/GenDpu0.u_dpu0/m_dpu_top/m_conv_top/inst_pea/u_mults/GenAddGrp[1].GenAddCh[4].GenMultOcp[4].u_mult_dsp_tree/GenMultPair[3].Gen8x8.u_mult_dsp/u_dsp/GenDsp48E2.u_dsp48e2: When using the PreAdder and AMULTSEL is set to 'AD' and PREADDINSEL is set to 'A', the A operand should be restricted to 26 bit two's complement (and sign extended) to avoid over/underflow in the pre-add stage.
Related violations: <none>

REQP-1731#341 Warning
DSP_Abus_preadd_amult_sel_A_sign_bit_restriction  
kv260_dpu_sobel_bd_i/dpuczdx8g_0/inst/GenDpu0.u_dpu0/m_dpu_top/m_conv_top/inst_pea/u_mults/GenAddGrp[1].GenAddCh[4].GenMultOcp[5].u_mult_dsp_tree/GenMultPair[0].Gen8x8.u_mult_dsp/u_dsp/GenDsp48E2.u_dsp48e2: When using the PreAdder and AMULTSEL is set to 'AD' and PREADDINSEL is set to 'A', the A operand should be restricted to 26 bit two's complement (and sign extended) to avoid over/underflow in the pre-add stage.
Related violations: <none>

REQP-1731#342 Warning
DSP_Abus_preadd_amult_sel_A_sign_bit_restriction  
kv260_dpu_sobel_bd_i/dpuczdx8g_0/inst/GenDpu0.u_dpu0/m_dpu_top/m_conv_top/inst_pea/u_mults/GenAddGrp[1].GenAddCh[4].GenMultOcp[5].u_mult_dsp_tree/GenMultPair[1].Gen8x8.u_mult_dsp/u_dsp/GenDsp48E2.u_dsp48e2: When using the PreAdder and AMULTSEL is set to 'AD' and PREADDINSEL is set to 'A', the A operand should be restricted to 26 bit two's complement (and sign extended) to avoid over/underflow in the pre-add stage.
Related violations: <none>

REQP-1731#343 Warning
DSP_Abus_preadd_amult_sel_A_sign_bit_restriction  
kv260_dpu_sobel_bd_i/dpuczdx8g_0/inst/GenDpu0.u_dpu0/m_dpu_top/m_conv_top/inst_pea/u_mults/GenAddGrp[1].GenAddCh[4].GenMultOcp[5].u_mult_dsp_tree/GenMultPair[2].Gen8x8.u_mult_dsp/u_dsp/GenDsp48E2.u_dsp48e2: When using the PreAdder and AMULTSEL is set to 'AD' and PREADDINSEL is set to 'A', the A operand should be restricted to 26 bit two's complement (and sign extended) to avoid over/underflow in the pre-add stage.
Related violations: <none>

REQP-1731#344 Warning
DSP_Abus_preadd_amult_sel_A_sign_bit_restriction  
kv260_dpu_sobel_bd_i/dpuczdx8g_0/inst/GenDpu0.u_dpu0/m_dpu_top/m_conv_top/inst_pea/u_mults/GenAddGrp[1].GenAddCh[4].GenMultOcp[5].u_mult_dsp_tree/GenMultPair[3].Gen8x8.u_mult_dsp/u_dsp/GenDsp48E2.u_dsp48e2: When using the PreAdder and AMULTSEL is set to 'AD' and PREADDINSEL is set to 'A', the A operand should be restricted to 26 bit two's complement (and sign extended) to avoid over/underflow in the pre-add stage.
Related violations: <none>

REQP-1731#345 Warning
DSP_Abus_preadd_amult_sel_A_sign_bit_restriction  
kv260_dpu_sobel_bd_i/dpuczdx8g_0/inst/GenDpu0.u_dpu0/m_dpu_top/m_conv_top/inst_pea/u_mults/GenAddGrp[1].GenAddCh[4].GenMultOcp[6].u_mult_dsp_tree/GenMultPair[0].Gen8x8.u_mult_dsp/u_dsp/GenDsp48E2.u_dsp48e2: When using the PreAdder and AMULTSEL is set to 'AD' and PREADDINSEL is set to 'A', the A operand should be restricted to 26 bit two's complement (and sign extended) to avoid over/underflow in the pre-add stage.
Related violations: <none>

REQP-1731#346 Warning
DSP_Abus_preadd_amult_sel_A_sign_bit_restriction  
kv260_dpu_sobel_bd_i/dpuczdx8g_0/inst/GenDpu0.u_dpu0/m_dpu_top/m_conv_top/inst_pea/u_mults/GenAddGrp[1].GenAddCh[4].GenMultOcp[6].u_mult_dsp_tree/GenMultPair[1].Gen8x8.u_mult_dsp/u_dsp/GenDsp48E2.u_dsp48e2: When using the PreAdder and AMULTSEL is set to 'AD' and PREADDINSEL is set to 'A', the A operand should be restricted to 26 bit two's complement (and sign extended) to avoid over/underflow in the pre-add stage.
Related violations: <none>

REQP-1731#347 Warning
DSP_Abus_preadd_amult_sel_A_sign_bit_restriction  
kv260_dpu_sobel_bd_i/dpuczdx8g_0/inst/GenDpu0.u_dpu0/m_dpu_top/m_conv_top/inst_pea/u_mults/GenAddGrp[1].GenAddCh[4].GenMultOcp[6].u_mult_dsp_tree/GenMultPair[2].Gen8x8.u_mult_dsp/u_dsp/GenDsp48E2.u_dsp48e2: When using the PreAdder and AMULTSEL is set to 'AD' and PREADDINSEL is set to 'A', the A operand should be restricted to 26 bit two's complement (and sign extended) to avoid over/underflow in the pre-add stage.
Related violations: <none>

REQP-1731#348 Warning
DSP_Abus_preadd_amult_sel_A_sign_bit_restriction  
kv260_dpu_sobel_bd_i/dpuczdx8g_0/inst/GenDpu0.u_dpu0/m_dpu_top/m_conv_top/inst_pea/u_mults/GenAddGrp[1].GenAddCh[4].GenMultOcp[6].u_mult_dsp_tree/GenMultPair[3].Gen8x8.u_mult_dsp/u_dsp/GenDsp48E2.u_dsp48e2: When using the PreAdder and AMULTSEL is set to 'AD' and PREADDINSEL is set to 'A', the A operand should be restricted to 26 bit two's complement (and sign extended) to avoid over/underflow in the pre-add stage.
Related violations: <none>

REQP-1731#349 Warning
DSP_Abus_preadd_amult_sel_A_sign_bit_restriction  
kv260_dpu_sobel_bd_i/dpuczdx8g_0/inst/GenDpu0.u_dpu0/m_dpu_top/m_conv_top/inst_pea/u_mults/GenAddGrp[1].GenAddCh[4].GenMultOcp[7].u_mult_dsp_tree/GenMultPair[0].Gen8x8.u_mult_dsp/u_dsp/GenDsp48E2.u_dsp48e2: When using the PreAdder and AMULTSEL is set to 'AD' and PREADDINSEL is set to 'A', the A operand should be restricted to 26 bit two's complement (and sign extended) to avoid over/underflow in the pre-add stage.
Related violations: <none>

REQP-1731#350 Warning
DSP_Abus_preadd_amult_sel_A_sign_bit_restriction  
kv260_dpu_sobel_bd_i/dpuczdx8g_0/inst/GenDpu0.u_dpu0/m_dpu_top/m_conv_top/inst_pea/u_mults/GenAddGrp[1].GenAddCh[4].GenMultOcp[7].u_mult_dsp_tree/GenMultPair[1].Gen8x8.u_mult_dsp/u_dsp/GenDsp48E2.u_dsp48e2: When using the PreAdder and AMULTSEL is set to 'AD' and PREADDINSEL is set to 'A', the A operand should be restricted to 26 bit two's complement (and sign extended) to avoid over/underflow in the pre-add stage.
Related violations: <none>

REQP-1731#351 Warning
DSP_Abus_preadd_amult_sel_A_sign_bit_restriction  
kv260_dpu_sobel_bd_i/dpuczdx8g_0/inst/GenDpu0.u_dpu0/m_dpu_top/m_conv_top/inst_pea/u_mults/GenAddGrp[1].GenAddCh[4].GenMultOcp[7].u_mult_dsp_tree/GenMultPair[2].Gen8x8.u_mult_dsp/u_dsp/GenDsp48E2.u_dsp48e2: When using the PreAdder and AMULTSEL is set to 'AD' and PREADDINSEL is set to 'A', the A operand should be restricted to 26 bit two's complement (and sign extended) to avoid over/underflow in the pre-add stage.
Related violations: <none>

REQP-1731#352 Warning
DSP_Abus_preadd_amult_sel_A_sign_bit_restriction  
kv260_dpu_sobel_bd_i/dpuczdx8g_0/inst/GenDpu0.u_dpu0/m_dpu_top/m_conv_top/inst_pea/u_mults/GenAddGrp[1].GenAddCh[4].GenMultOcp[7].u_mult_dsp_tree/GenMultPair[3].Gen8x8.u_mult_dsp/u_dsp/GenDsp48E2.u_dsp48e2: When using the PreAdder and AMULTSEL is set to 'AD' and PREADDINSEL is set to 'A', the A operand should be restricted to 26 bit two's complement (and sign extended) to avoid over/underflow in the pre-add stage.
Related violations: <none>

REQP-1731#353 Warning
DSP_Abus_preadd_amult_sel_A_sign_bit_restriction  
kv260_dpu_sobel_bd_i/dpuczdx8g_0/inst/GenDpu0.u_dpu0/m_dpu_top/m_conv_top/inst_pea/u_mults/GenAddGrp[1].GenAddCh[5].GenMultOcp[0].u_mult_dsp_tree/GenMultPair[0].Gen8x8.u_mult_dsp/u_dsp/GenDsp48E2.u_dsp48e2: When using the PreAdder and AMULTSEL is set to 'AD' and PREADDINSEL is set to 'A', the A operand should be restricted to 26 bit two's complement (and sign extended) to avoid over/underflow in the pre-add stage.
Related violations: <none>

REQP-1731#354 Warning
DSP_Abus_preadd_amult_sel_A_sign_bit_restriction  
kv260_dpu_sobel_bd_i/dpuczdx8g_0/inst/GenDpu0.u_dpu0/m_dpu_top/m_conv_top/inst_pea/u_mults/GenAddGrp[1].GenAddCh[5].GenMultOcp[0].u_mult_dsp_tree/GenMultPair[1].Gen8x8.u_mult_dsp/u_dsp/GenDsp48E2.u_dsp48e2: When using the PreAdder and AMULTSEL is set to 'AD' and PREADDINSEL is set to 'A', the A operand should be restricted to 26 bit two's complement (and sign extended) to avoid over/underflow in the pre-add stage.
Related violations: <none>

REQP-1731#355 Warning
DSP_Abus_preadd_amult_sel_A_sign_bit_restriction  
kv260_dpu_sobel_bd_i/dpuczdx8g_0/inst/GenDpu0.u_dpu0/m_dpu_top/m_conv_top/inst_pea/u_mults/GenAddGrp[1].GenAddCh[5].GenMultOcp[0].u_mult_dsp_tree/GenMultPair[2].Gen8x8.u_mult_dsp/u_dsp/GenDsp48E2.u_dsp48e2: When using the PreAdder and AMULTSEL is set to 'AD' and PREADDINSEL is set to 'A', the A operand should be restricted to 26 bit two's complement (and sign extended) to avoid over/underflow in the pre-add stage.
Related violations: <none>

REQP-1731#356 Warning
DSP_Abus_preadd_amult_sel_A_sign_bit_restriction  
kv260_dpu_sobel_bd_i/dpuczdx8g_0/inst/GenDpu0.u_dpu0/m_dpu_top/m_conv_top/inst_pea/u_mults/GenAddGrp[1].GenAddCh[5].GenMultOcp[0].u_mult_dsp_tree/GenMultPair[3].Gen8x8.u_mult_dsp/u_dsp/GenDsp48E2.u_dsp48e2: When using the PreAdder and AMULTSEL is set to 'AD' and PREADDINSEL is set to 'A', the A operand should be restricted to 26 bit two's complement (and sign extended) to avoid over/underflow in the pre-add stage.
Related violations: <none>

REQP-1731#357 Warning
DSP_Abus_preadd_amult_sel_A_sign_bit_restriction  
kv260_dpu_sobel_bd_i/dpuczdx8g_0/inst/GenDpu0.u_dpu0/m_dpu_top/m_conv_top/inst_pea/u_mults/GenAddGrp[1].GenAddCh[5].GenMultOcp[1].u_mult_dsp_tree/GenMultPair[0].Gen8x8.u_mult_dsp/u_dsp/GenDsp48E2.u_dsp48e2: When using the PreAdder and AMULTSEL is set to 'AD' and PREADDINSEL is set to 'A', the A operand should be restricted to 26 bit two's complement (and sign extended) to avoid over/underflow in the pre-add stage.
Related violations: <none>

REQP-1731#358 Warning
DSP_Abus_preadd_amult_sel_A_sign_bit_restriction  
kv260_dpu_sobel_bd_i/dpuczdx8g_0/inst/GenDpu0.u_dpu0/m_dpu_top/m_conv_top/inst_pea/u_mults/GenAddGrp[1].GenAddCh[5].GenMultOcp[1].u_mult_dsp_tree/GenMultPair[1].Gen8x8.u_mult_dsp/u_dsp/GenDsp48E2.u_dsp48e2: When using the PreAdder and AMULTSEL is set to 'AD' and PREADDINSEL is set to 'A', the A operand should be restricted to 26 bit two's complement (and sign extended) to avoid over/underflow in the pre-add stage.
Related violations: <none>

REQP-1731#359 Warning
DSP_Abus_preadd_amult_sel_A_sign_bit_restriction  
kv260_dpu_sobel_bd_i/dpuczdx8g_0/inst/GenDpu0.u_dpu0/m_dpu_top/m_conv_top/inst_pea/u_mults/GenAddGrp[1].GenAddCh[5].GenMultOcp[1].u_mult_dsp_tree/GenMultPair[2].Gen8x8.u_mult_dsp/u_dsp/GenDsp48E2.u_dsp48e2: When using the PreAdder and AMULTSEL is set to 'AD' and PREADDINSEL is set to 'A', the A operand should be restricted to 26 bit two's complement (and sign extended) to avoid over/underflow in the pre-add stage.
Related violations: <none>

REQP-1731#360 Warning
DSP_Abus_preadd_amult_sel_A_sign_bit_restriction  
kv260_dpu_sobel_bd_i/dpuczdx8g_0/inst/GenDpu0.u_dpu0/m_dpu_top/m_conv_top/inst_pea/u_mults/GenAddGrp[1].GenAddCh[5].GenMultOcp[1].u_mult_dsp_tree/GenMultPair[3].Gen8x8.u_mult_dsp/u_dsp/GenDsp48E2.u_dsp48e2: When using the PreAdder and AMULTSEL is set to 'AD' and PREADDINSEL is set to 'A', the A operand should be restricted to 26 bit two's complement (and sign extended) to avoid over/underflow in the pre-add stage.
Related violations: <none>

REQP-1731#361 Warning
DSP_Abus_preadd_amult_sel_A_sign_bit_restriction  
kv260_dpu_sobel_bd_i/dpuczdx8g_0/inst/GenDpu0.u_dpu0/m_dpu_top/m_conv_top/inst_pea/u_mults/GenAddGrp[1].GenAddCh[5].GenMultOcp[2].u_mult_dsp_tree/GenMultPair[0].Gen8x8.u_mult_dsp/u_dsp/GenDsp48E2.u_dsp48e2: When using the PreAdder and AMULTSEL is set to 'AD' and PREADDINSEL is set to 'A', the A operand should be restricted to 26 bit two's complement (and sign extended) to avoid over/underflow in the pre-add stage.
Related violations: <none>

REQP-1731#362 Warning
DSP_Abus_preadd_amult_sel_A_sign_bit_restriction  
kv260_dpu_sobel_bd_i/dpuczdx8g_0/inst/GenDpu0.u_dpu0/m_dpu_top/m_conv_top/inst_pea/u_mults/GenAddGrp[1].GenAddCh[5].GenMultOcp[2].u_mult_dsp_tree/GenMultPair[1].Gen8x8.u_mult_dsp/u_dsp/GenDsp48E2.u_dsp48e2: When using the PreAdder and AMULTSEL is set to 'AD' and PREADDINSEL is set to 'A', the A operand should be restricted to 26 bit two's complement (and sign extended) to avoid over/underflow in the pre-add stage.
Related violations: <none>

REQP-1731#363 Warning
DSP_Abus_preadd_amult_sel_A_sign_bit_restriction  
kv260_dpu_sobel_bd_i/dpuczdx8g_0/inst/GenDpu0.u_dpu0/m_dpu_top/m_conv_top/inst_pea/u_mults/GenAddGrp[1].GenAddCh[5].GenMultOcp[2].u_mult_dsp_tree/GenMultPair[2].Gen8x8.u_mult_dsp/u_dsp/GenDsp48E2.u_dsp48e2: When using the PreAdder and AMULTSEL is set to 'AD' and PREADDINSEL is set to 'A', the A operand should be restricted to 26 bit two's complement (and sign extended) to avoid over/underflow in the pre-add stage.
Related violations: <none>

REQP-1731#364 Warning
DSP_Abus_preadd_amult_sel_A_sign_bit_restriction  
kv260_dpu_sobel_bd_i/dpuczdx8g_0/inst/GenDpu0.u_dpu0/m_dpu_top/m_conv_top/inst_pea/u_mults/GenAddGrp[1].GenAddCh[5].GenMultOcp[2].u_mult_dsp_tree/GenMultPair[3].Gen8x8.u_mult_dsp/u_dsp/GenDsp48E2.u_dsp48e2: When using the PreAdder and AMULTSEL is set to 'AD' and PREADDINSEL is set to 'A', the A operand should be restricted to 26 bit two's complement (and sign extended) to avoid over/underflow in the pre-add stage.
Related violations: <none>

REQP-1731#365 Warning
DSP_Abus_preadd_amult_sel_A_sign_bit_restriction  
kv260_dpu_sobel_bd_i/dpuczdx8g_0/inst/GenDpu0.u_dpu0/m_dpu_top/m_conv_top/inst_pea/u_mults/GenAddGrp[1].GenAddCh[5].GenMultOcp[3].u_mult_dsp_tree/GenMultPair[0].Gen8x8.u_mult_dsp/u_dsp/GenDsp48E2.u_dsp48e2: When using the PreAdder and AMULTSEL is set to 'AD' and PREADDINSEL is set to 'A', the A operand should be restricted to 26 bit two's complement (and sign extended) to avoid over/underflow in the pre-add stage.
Related violations: <none>

REQP-1731#366 Warning
DSP_Abus_preadd_amult_sel_A_sign_bit_restriction  
kv260_dpu_sobel_bd_i/dpuczdx8g_0/inst/GenDpu0.u_dpu0/m_dpu_top/m_conv_top/inst_pea/u_mults/GenAddGrp[1].GenAddCh[5].GenMultOcp[3].u_mult_dsp_tree/GenMultPair[1].Gen8x8.u_mult_dsp/u_dsp/GenDsp48E2.u_dsp48e2: When using the PreAdder and AMULTSEL is set to 'AD' and PREADDINSEL is set to 'A', the A operand should be restricted to 26 bit two's complement (and sign extended) to avoid over/underflow in the pre-add stage.
Related violations: <none>

REQP-1731#367 Warning
DSP_Abus_preadd_amult_sel_A_sign_bit_restriction  
kv260_dpu_sobel_bd_i/dpuczdx8g_0/inst/GenDpu0.u_dpu0/m_dpu_top/m_conv_top/inst_pea/u_mults/GenAddGrp[1].GenAddCh[5].GenMultOcp[3].u_mult_dsp_tree/GenMultPair[2].Gen8x8.u_mult_dsp/u_dsp/GenDsp48E2.u_dsp48e2: When using the PreAdder and AMULTSEL is set to 'AD' and PREADDINSEL is set to 'A', the A operand should be restricted to 26 bit two's complement (and sign extended) to avoid over/underflow in the pre-add stage.
Related violations: <none>

REQP-1731#368 Warning
DSP_Abus_preadd_amult_sel_A_sign_bit_restriction  
kv260_dpu_sobel_bd_i/dpuczdx8g_0/inst/GenDpu0.u_dpu0/m_dpu_top/m_conv_top/inst_pea/u_mults/GenAddGrp[1].GenAddCh[5].GenMultOcp[3].u_mult_dsp_tree/GenMultPair[3].Gen8x8.u_mult_dsp/u_dsp/GenDsp48E2.u_dsp48e2: When using the PreAdder and AMULTSEL is set to 'AD' and PREADDINSEL is set to 'A', the A operand should be restricted to 26 bit two's complement (and sign extended) to avoid over/underflow in the pre-add stage.
Related violations: <none>

REQP-1731#369 Warning
DSP_Abus_preadd_amult_sel_A_sign_bit_restriction  
kv260_dpu_sobel_bd_i/dpuczdx8g_0/inst/GenDpu0.u_dpu0/m_dpu_top/m_conv_top/inst_pea/u_mults/GenAddGrp[1].GenAddCh[5].GenMultOcp[4].u_mult_dsp_tree/GenMultPair[0].Gen8x8.u_mult_dsp/u_dsp/GenDsp48E2.u_dsp48e2: When using the PreAdder and AMULTSEL is set to 'AD' and PREADDINSEL is set to 'A', the A operand should be restricted to 26 bit two's complement (and sign extended) to avoid over/underflow in the pre-add stage.
Related violations: <none>

REQP-1731#370 Warning
DSP_Abus_preadd_amult_sel_A_sign_bit_restriction  
kv260_dpu_sobel_bd_i/dpuczdx8g_0/inst/GenDpu0.u_dpu0/m_dpu_top/m_conv_top/inst_pea/u_mults/GenAddGrp[1].GenAddCh[5].GenMultOcp[4].u_mult_dsp_tree/GenMultPair[1].Gen8x8.u_mult_dsp/u_dsp/GenDsp48E2.u_dsp48e2: When using the PreAdder and AMULTSEL is set to 'AD' and PREADDINSEL is set to 'A', the A operand should be restricted to 26 bit two's complement (and sign extended) to avoid over/underflow in the pre-add stage.
Related violations: <none>

REQP-1731#371 Warning
DSP_Abus_preadd_amult_sel_A_sign_bit_restriction  
kv260_dpu_sobel_bd_i/dpuczdx8g_0/inst/GenDpu0.u_dpu0/m_dpu_top/m_conv_top/inst_pea/u_mults/GenAddGrp[1].GenAddCh[5].GenMultOcp[4].u_mult_dsp_tree/GenMultPair[2].Gen8x8.u_mult_dsp/u_dsp/GenDsp48E2.u_dsp48e2: When using the PreAdder and AMULTSEL is set to 'AD' and PREADDINSEL is set to 'A', the A operand should be restricted to 26 bit two's complement (and sign extended) to avoid over/underflow in the pre-add stage.
Related violations: <none>

REQP-1731#372 Warning
DSP_Abus_preadd_amult_sel_A_sign_bit_restriction  
kv260_dpu_sobel_bd_i/dpuczdx8g_0/inst/GenDpu0.u_dpu0/m_dpu_top/m_conv_top/inst_pea/u_mults/GenAddGrp[1].GenAddCh[5].GenMultOcp[4].u_mult_dsp_tree/GenMultPair[3].Gen8x8.u_mult_dsp/u_dsp/GenDsp48E2.u_dsp48e2: When using the PreAdder and AMULTSEL is set to 'AD' and PREADDINSEL is set to 'A', the A operand should be restricted to 26 bit two's complement (and sign extended) to avoid over/underflow in the pre-add stage.
Related violations: <none>

REQP-1731#373 Warning
DSP_Abus_preadd_amult_sel_A_sign_bit_restriction  
kv260_dpu_sobel_bd_i/dpuczdx8g_0/inst/GenDpu0.u_dpu0/m_dpu_top/m_conv_top/inst_pea/u_mults/GenAddGrp[1].GenAddCh[5].GenMultOcp[5].u_mult_dsp_tree/GenMultPair[0].Gen8x8.u_mult_dsp/u_dsp/GenDsp48E2.u_dsp48e2: When using the PreAdder and AMULTSEL is set to 'AD' and PREADDINSEL is set to 'A', the A operand should be restricted to 26 bit two's complement (and sign extended) to avoid over/underflow in the pre-add stage.
Related violations: <none>

REQP-1731#374 Warning
DSP_Abus_preadd_amult_sel_A_sign_bit_restriction  
kv260_dpu_sobel_bd_i/dpuczdx8g_0/inst/GenDpu0.u_dpu0/m_dpu_top/m_conv_top/inst_pea/u_mults/GenAddGrp[1].GenAddCh[5].GenMultOcp[5].u_mult_dsp_tree/GenMultPair[1].Gen8x8.u_mult_dsp/u_dsp/GenDsp48E2.u_dsp48e2: When using the PreAdder and AMULTSEL is set to 'AD' and PREADDINSEL is set to 'A', the A operand should be restricted to 26 bit two's complement (and sign extended) to avoid over/underflow in the pre-add stage.
Related violations: <none>

REQP-1731#375 Warning
DSP_Abus_preadd_amult_sel_A_sign_bit_restriction  
kv260_dpu_sobel_bd_i/dpuczdx8g_0/inst/GenDpu0.u_dpu0/m_dpu_top/m_conv_top/inst_pea/u_mults/GenAddGrp[1].GenAddCh[5].GenMultOcp[5].u_mult_dsp_tree/GenMultPair[2].Gen8x8.u_mult_dsp/u_dsp/GenDsp48E2.u_dsp48e2: When using the PreAdder and AMULTSEL is set to 'AD' and PREADDINSEL is set to 'A', the A operand should be restricted to 26 bit two's complement (and sign extended) to avoid over/underflow in the pre-add stage.
Related violations: <none>

REQP-1731#376 Warning
DSP_Abus_preadd_amult_sel_A_sign_bit_restriction  
kv260_dpu_sobel_bd_i/dpuczdx8g_0/inst/GenDpu0.u_dpu0/m_dpu_top/m_conv_top/inst_pea/u_mults/GenAddGrp[1].GenAddCh[5].GenMultOcp[5].u_mult_dsp_tree/GenMultPair[3].Gen8x8.u_mult_dsp/u_dsp/GenDsp48E2.u_dsp48e2: When using the PreAdder and AMULTSEL is set to 'AD' and PREADDINSEL is set to 'A', the A operand should be restricted to 26 bit two's complement (and sign extended) to avoid over/underflow in the pre-add stage.
Related violations: <none>

REQP-1731#377 Warning
DSP_Abus_preadd_amult_sel_A_sign_bit_restriction  
kv260_dpu_sobel_bd_i/dpuczdx8g_0/inst/GenDpu0.u_dpu0/m_dpu_top/m_conv_top/inst_pea/u_mults/GenAddGrp[1].GenAddCh[5].GenMultOcp[6].u_mult_dsp_tree/GenMultPair[0].Gen8x8.u_mult_dsp/u_dsp/GenDsp48E2.u_dsp48e2: When using the PreAdder and AMULTSEL is set to 'AD' and PREADDINSEL is set to 'A', the A operand should be restricted to 26 bit two's complement (and sign extended) to avoid over/underflow in the pre-add stage.
Related violations: <none>

REQP-1731#378 Warning
DSP_Abus_preadd_amult_sel_A_sign_bit_restriction  
kv260_dpu_sobel_bd_i/dpuczdx8g_0/inst/GenDpu0.u_dpu0/m_dpu_top/m_conv_top/inst_pea/u_mults/GenAddGrp[1].GenAddCh[5].GenMultOcp[6].u_mult_dsp_tree/GenMultPair[1].Gen8x8.u_mult_dsp/u_dsp/GenDsp48E2.u_dsp48e2: When using the PreAdder and AMULTSEL is set to 'AD' and PREADDINSEL is set to 'A', the A operand should be restricted to 26 bit two's complement (and sign extended) to avoid over/underflow in the pre-add stage.
Related violations: <none>

REQP-1731#379 Warning
DSP_Abus_preadd_amult_sel_A_sign_bit_restriction  
kv260_dpu_sobel_bd_i/dpuczdx8g_0/inst/GenDpu0.u_dpu0/m_dpu_top/m_conv_top/inst_pea/u_mults/GenAddGrp[1].GenAddCh[5].GenMultOcp[6].u_mult_dsp_tree/GenMultPair[2].Gen8x8.u_mult_dsp/u_dsp/GenDsp48E2.u_dsp48e2: When using the PreAdder and AMULTSEL is set to 'AD' and PREADDINSEL is set to 'A', the A operand should be restricted to 26 bit two's complement (and sign extended) to avoid over/underflow in the pre-add stage.
Related violations: <none>

REQP-1731#380 Warning
DSP_Abus_preadd_amult_sel_A_sign_bit_restriction  
kv260_dpu_sobel_bd_i/dpuczdx8g_0/inst/GenDpu0.u_dpu0/m_dpu_top/m_conv_top/inst_pea/u_mults/GenAddGrp[1].GenAddCh[5].GenMultOcp[6].u_mult_dsp_tree/GenMultPair[3].Gen8x8.u_mult_dsp/u_dsp/GenDsp48E2.u_dsp48e2: When using the PreAdder and AMULTSEL is set to 'AD' and PREADDINSEL is set to 'A', the A operand should be restricted to 26 bit two's complement (and sign extended) to avoid over/underflow in the pre-add stage.
Related violations: <none>

REQP-1731#381 Warning
DSP_Abus_preadd_amult_sel_A_sign_bit_restriction  
kv260_dpu_sobel_bd_i/dpuczdx8g_0/inst/GenDpu0.u_dpu0/m_dpu_top/m_conv_top/inst_pea/u_mults/GenAddGrp[1].GenAddCh[5].GenMultOcp[7].u_mult_dsp_tree/GenMultPair[0].Gen8x8.u_mult_dsp/u_dsp/GenDsp48E2.u_dsp48e2: When using the PreAdder and AMULTSEL is set to 'AD' and PREADDINSEL is set to 'A', the A operand should be restricted to 26 bit two's complement (and sign extended) to avoid over/underflow in the pre-add stage.
Related violations: <none>

REQP-1731#382 Warning
DSP_Abus_preadd_amult_sel_A_sign_bit_restriction  
kv260_dpu_sobel_bd_i/dpuczdx8g_0/inst/GenDpu0.u_dpu0/m_dpu_top/m_conv_top/inst_pea/u_mults/GenAddGrp[1].GenAddCh[5].GenMultOcp[7].u_mult_dsp_tree/GenMultPair[1].Gen8x8.u_mult_dsp/u_dsp/GenDsp48E2.u_dsp48e2: When using the PreAdder and AMULTSEL is set to 'AD' and PREADDINSEL is set to 'A', the A operand should be restricted to 26 bit two's complement (and sign extended) to avoid over/underflow in the pre-add stage.
Related violations: <none>

REQP-1731#383 Warning
DSP_Abus_preadd_amult_sel_A_sign_bit_restriction  
kv260_dpu_sobel_bd_i/dpuczdx8g_0/inst/GenDpu0.u_dpu0/m_dpu_top/m_conv_top/inst_pea/u_mults/GenAddGrp[1].GenAddCh[5].GenMultOcp[7].u_mult_dsp_tree/GenMultPair[2].Gen8x8.u_mult_dsp/u_dsp/GenDsp48E2.u_dsp48e2: When using the PreAdder and AMULTSEL is set to 'AD' and PREADDINSEL is set to 'A', the A operand should be restricted to 26 bit two's complement (and sign extended) to avoid over/underflow in the pre-add stage.
Related violations: <none>

REQP-1731#384 Warning
DSP_Abus_preadd_amult_sel_A_sign_bit_restriction  
kv260_dpu_sobel_bd_i/dpuczdx8g_0/inst/GenDpu0.u_dpu0/m_dpu_top/m_conv_top/inst_pea/u_mults/GenAddGrp[1].GenAddCh[5].GenMultOcp[7].u_mult_dsp_tree/GenMultPair[3].Gen8x8.u_mult_dsp/u_dsp/GenDsp48E2.u_dsp48e2: When using the PreAdder and AMULTSEL is set to 'AD' and PREADDINSEL is set to 'A', the A operand should be restricted to 26 bit two's complement (and sign extended) to avoid over/underflow in the pre-add stage.
Related violations: <none>

REQP-1731#385 Warning
DSP_Abus_preadd_amult_sel_A_sign_bit_restriction  
kv260_dpu_sobel_bd_i/dpuczdx8g_0/inst/GenDpu0.u_dpu0/m_dpu_top/m_conv_top/inst_pea/u_mults/GenAddGrp[2].GenAddCh[0].GenMultOcp[0].u_mult_dsp_tree/GenMultPair[0].Gen8x8.u_mult_dsp/u_dsp/GenDsp48E2.u_dsp48e2: When using the PreAdder and AMULTSEL is set to 'AD' and PREADDINSEL is set to 'A', the A operand should be restricted to 26 bit two's complement (and sign extended) to avoid over/underflow in the pre-add stage.
Related violations: <none>

REQP-1731#386 Warning
DSP_Abus_preadd_amult_sel_A_sign_bit_restriction  
kv260_dpu_sobel_bd_i/dpuczdx8g_0/inst/GenDpu0.u_dpu0/m_dpu_top/m_conv_top/inst_pea/u_mults/GenAddGrp[2].GenAddCh[0].GenMultOcp[0].u_mult_dsp_tree/GenMultPair[1].Gen8x8.u_mult_dsp/u_dsp/GenDsp48E2.u_dsp48e2: When using the PreAdder and AMULTSEL is set to 'AD' and PREADDINSEL is set to 'A', the A operand should be restricted to 26 bit two's complement (and sign extended) to avoid over/underflow in the pre-add stage.
Related violations: <none>

REQP-1731#387 Warning
DSP_Abus_preadd_amult_sel_A_sign_bit_restriction  
kv260_dpu_sobel_bd_i/dpuczdx8g_0/inst/GenDpu0.u_dpu0/m_dpu_top/m_conv_top/inst_pea/u_mults/GenAddGrp[2].GenAddCh[0].GenMultOcp[0].u_mult_dsp_tree/GenMultPair[2].Gen8x8.u_mult_dsp/u_dsp/GenDsp48E2.u_dsp48e2: When using the PreAdder and AMULTSEL is set to 'AD' and PREADDINSEL is set to 'A', the A operand should be restricted to 26 bit two's complement (and sign extended) to avoid over/underflow in the pre-add stage.
Related violations: <none>

REQP-1731#388 Warning
DSP_Abus_preadd_amult_sel_A_sign_bit_restriction  
kv260_dpu_sobel_bd_i/dpuczdx8g_0/inst/GenDpu0.u_dpu0/m_dpu_top/m_conv_top/inst_pea/u_mults/GenAddGrp[2].GenAddCh[0].GenMultOcp[0].u_mult_dsp_tree/GenMultPair[3].Gen8x8.u_mult_dsp/u_dsp/GenDsp48E2.u_dsp48e2: When using the PreAdder and AMULTSEL is set to 'AD' and PREADDINSEL is set to 'A', the A operand should be restricted to 26 bit two's complement (and sign extended) to avoid over/underflow in the pre-add stage.
Related violations: <none>

REQP-1731#389 Warning
DSP_Abus_preadd_amult_sel_A_sign_bit_restriction  
kv260_dpu_sobel_bd_i/dpuczdx8g_0/inst/GenDpu0.u_dpu0/m_dpu_top/m_conv_top/inst_pea/u_mults/GenAddGrp[2].GenAddCh[0].GenMultOcp[1].u_mult_dsp_tree/GenMultPair[0].Gen8x8.u_mult_dsp/u_dsp/GenDsp48E2.u_dsp48e2: When using the PreAdder and AMULTSEL is set to 'AD' and PREADDINSEL is set to 'A', the A operand should be restricted to 26 bit two's complement (and sign extended) to avoid over/underflow in the pre-add stage.
Related violations: <none>

REQP-1731#390 Warning
DSP_Abus_preadd_amult_sel_A_sign_bit_restriction  
kv260_dpu_sobel_bd_i/dpuczdx8g_0/inst/GenDpu0.u_dpu0/m_dpu_top/m_conv_top/inst_pea/u_mults/GenAddGrp[2].GenAddCh[0].GenMultOcp[1].u_mult_dsp_tree/GenMultPair[1].Gen8x8.u_mult_dsp/u_dsp/GenDsp48E2.u_dsp48e2: When using the PreAdder and AMULTSEL is set to 'AD' and PREADDINSEL is set to 'A', the A operand should be restricted to 26 bit two's complement (and sign extended) to avoid over/underflow in the pre-add stage.
Related violations: <none>

REQP-1731#391 Warning
DSP_Abus_preadd_amult_sel_A_sign_bit_restriction  
kv260_dpu_sobel_bd_i/dpuczdx8g_0/inst/GenDpu0.u_dpu0/m_dpu_top/m_conv_top/inst_pea/u_mults/GenAddGrp[2].GenAddCh[0].GenMultOcp[1].u_mult_dsp_tree/GenMultPair[2].Gen8x8.u_mult_dsp/u_dsp/GenDsp48E2.u_dsp48e2: When using the PreAdder and AMULTSEL is set to 'AD' and PREADDINSEL is set to 'A', the A operand should be restricted to 26 bit two's complement (and sign extended) to avoid over/underflow in the pre-add stage.
Related violations: <none>

REQP-1731#392 Warning
DSP_Abus_preadd_amult_sel_A_sign_bit_restriction  
kv260_dpu_sobel_bd_i/dpuczdx8g_0/inst/GenDpu0.u_dpu0/m_dpu_top/m_conv_top/inst_pea/u_mults/GenAddGrp[2].GenAddCh[0].GenMultOcp[1].u_mult_dsp_tree/GenMultPair[3].Gen8x8.u_mult_dsp/u_dsp/GenDsp48E2.u_dsp48e2: When using the PreAdder and AMULTSEL is set to 'AD' and PREADDINSEL is set to 'A', the A operand should be restricted to 26 bit two's complement (and sign extended) to avoid over/underflow in the pre-add stage.
Related violations: <none>

REQP-1731#393 Warning
DSP_Abus_preadd_amult_sel_A_sign_bit_restriction  
kv260_dpu_sobel_bd_i/dpuczdx8g_0/inst/GenDpu0.u_dpu0/m_dpu_top/m_conv_top/inst_pea/u_mults/GenAddGrp[2].GenAddCh[0].GenMultOcp[2].u_mult_dsp_tree/GenMultPair[0].Gen8x8.u_mult_dsp/u_dsp/GenDsp48E2.u_dsp48e2: When using the PreAdder and AMULTSEL is set to 'AD' and PREADDINSEL is set to 'A', the A operand should be restricted to 26 bit two's complement (and sign extended) to avoid over/underflow in the pre-add stage.
Related violations: <none>

REQP-1731#394 Warning
DSP_Abus_preadd_amult_sel_A_sign_bit_restriction  
kv260_dpu_sobel_bd_i/dpuczdx8g_0/inst/GenDpu0.u_dpu0/m_dpu_top/m_conv_top/inst_pea/u_mults/GenAddGrp[2].GenAddCh[0].GenMultOcp[2].u_mult_dsp_tree/GenMultPair[1].Gen8x8.u_mult_dsp/u_dsp/GenDsp48E2.u_dsp48e2: When using the PreAdder and AMULTSEL is set to 'AD' and PREADDINSEL is set to 'A', the A operand should be restricted to 26 bit two's complement (and sign extended) to avoid over/underflow in the pre-add stage.
Related violations: <none>

REQP-1731#395 Warning
DSP_Abus_preadd_amult_sel_A_sign_bit_restriction  
kv260_dpu_sobel_bd_i/dpuczdx8g_0/inst/GenDpu0.u_dpu0/m_dpu_top/m_conv_top/inst_pea/u_mults/GenAddGrp[2].GenAddCh[0].GenMultOcp[2].u_mult_dsp_tree/GenMultPair[2].Gen8x8.u_mult_dsp/u_dsp/GenDsp48E2.u_dsp48e2: When using the PreAdder and AMULTSEL is set to 'AD' and PREADDINSEL is set to 'A', the A operand should be restricted to 26 bit two's complement (and sign extended) to avoid over/underflow in the pre-add stage.
Related violations: <none>

REQP-1731#396 Warning
DSP_Abus_preadd_amult_sel_A_sign_bit_restriction  
kv260_dpu_sobel_bd_i/dpuczdx8g_0/inst/GenDpu0.u_dpu0/m_dpu_top/m_conv_top/inst_pea/u_mults/GenAddGrp[2].GenAddCh[0].GenMultOcp[2].u_mult_dsp_tree/GenMultPair[3].Gen8x8.u_mult_dsp/u_dsp/GenDsp48E2.u_dsp48e2: When using the PreAdder and AMULTSEL is set to 'AD' and PREADDINSEL is set to 'A', the A operand should be restricted to 26 bit two's complement (and sign extended) to avoid over/underflow in the pre-add stage.
Related violations: <none>

REQP-1731#397 Warning
DSP_Abus_preadd_amult_sel_A_sign_bit_restriction  
kv260_dpu_sobel_bd_i/dpuczdx8g_0/inst/GenDpu0.u_dpu0/m_dpu_top/m_conv_top/inst_pea/u_mults/GenAddGrp[2].GenAddCh[0].GenMultOcp[3].u_mult_dsp_tree/GenMultPair[0].Gen8x8.u_mult_dsp/u_dsp/GenDsp48E2.u_dsp48e2: When using the PreAdder and AMULTSEL is set to 'AD' and PREADDINSEL is set to 'A', the A operand should be restricted to 26 bit two's complement (and sign extended) to avoid over/underflow in the pre-add stage.
Related violations: <none>

REQP-1731#398 Warning
DSP_Abus_preadd_amult_sel_A_sign_bit_restriction  
kv260_dpu_sobel_bd_i/dpuczdx8g_0/inst/GenDpu0.u_dpu0/m_dpu_top/m_conv_top/inst_pea/u_mults/GenAddGrp[2].GenAddCh[0].GenMultOcp[3].u_mult_dsp_tree/GenMultPair[1].Gen8x8.u_mult_dsp/u_dsp/GenDsp48E2.u_dsp48e2: When using the PreAdder and AMULTSEL is set to 'AD' and PREADDINSEL is set to 'A', the A operand should be restricted to 26 bit two's complement (and sign extended) to avoid over/underflow in the pre-add stage.
Related violations: <none>

REQP-1731#399 Warning
DSP_Abus_preadd_amult_sel_A_sign_bit_restriction  
kv260_dpu_sobel_bd_i/dpuczdx8g_0/inst/GenDpu0.u_dpu0/m_dpu_top/m_conv_top/inst_pea/u_mults/GenAddGrp[2].GenAddCh[0].GenMultOcp[3].u_mult_dsp_tree/GenMultPair[2].Gen8x8.u_mult_dsp/u_dsp/GenDsp48E2.u_dsp48e2: When using the PreAdder and AMULTSEL is set to 'AD' and PREADDINSEL is set to 'A', the A operand should be restricted to 26 bit two's complement (and sign extended) to avoid over/underflow in the pre-add stage.
Related violations: <none>

REQP-1731#400 Warning
DSP_Abus_preadd_amult_sel_A_sign_bit_restriction  
kv260_dpu_sobel_bd_i/dpuczdx8g_0/inst/GenDpu0.u_dpu0/m_dpu_top/m_conv_top/inst_pea/u_mults/GenAddGrp[2].GenAddCh[0].GenMultOcp[3].u_mult_dsp_tree/GenMultPair[3].Gen8x8.u_mult_dsp/u_dsp/GenDsp48E2.u_dsp48e2: When using the PreAdder and AMULTSEL is set to 'AD' and PREADDINSEL is set to 'A', the A operand should be restricted to 26 bit two's complement (and sign extended) to avoid over/underflow in the pre-add stage.
Related violations: <none>

REQP-1731#401 Warning
DSP_Abus_preadd_amult_sel_A_sign_bit_restriction  
kv260_dpu_sobel_bd_i/dpuczdx8g_0/inst/GenDpu0.u_dpu0/m_dpu_top/m_conv_top/inst_pea/u_mults/GenAddGrp[2].GenAddCh[0].GenMultOcp[4].u_mult_dsp_tree/GenMultPair[0].Gen8x8.u_mult_dsp/u_dsp/GenDsp48E2.u_dsp48e2: When using the PreAdder and AMULTSEL is set to 'AD' and PREADDINSEL is set to 'A', the A operand should be restricted to 26 bit two's complement (and sign extended) to avoid over/underflow in the pre-add stage.
Related violations: <none>

REQP-1731#402 Warning
DSP_Abus_preadd_amult_sel_A_sign_bit_restriction  
kv260_dpu_sobel_bd_i/dpuczdx8g_0/inst/GenDpu0.u_dpu0/m_dpu_top/m_conv_top/inst_pea/u_mults/GenAddGrp[2].GenAddCh[0].GenMultOcp[4].u_mult_dsp_tree/GenMultPair[1].Gen8x8.u_mult_dsp/u_dsp/GenDsp48E2.u_dsp48e2: When using the PreAdder and AMULTSEL is set to 'AD' and PREADDINSEL is set to 'A', the A operand should be restricted to 26 bit two's complement (and sign extended) to avoid over/underflow in the pre-add stage.
Related violations: <none>

REQP-1731#403 Warning
DSP_Abus_preadd_amult_sel_A_sign_bit_restriction  
kv260_dpu_sobel_bd_i/dpuczdx8g_0/inst/GenDpu0.u_dpu0/m_dpu_top/m_conv_top/inst_pea/u_mults/GenAddGrp[2].GenAddCh[0].GenMultOcp[4].u_mult_dsp_tree/GenMultPair[2].Gen8x8.u_mult_dsp/u_dsp/GenDsp48E2.u_dsp48e2: When using the PreAdder and AMULTSEL is set to 'AD' and PREADDINSEL is set to 'A', the A operand should be restricted to 26 bit two's complement (and sign extended) to avoid over/underflow in the pre-add stage.
Related violations: <none>

REQP-1731#404 Warning
DSP_Abus_preadd_amult_sel_A_sign_bit_restriction  
kv260_dpu_sobel_bd_i/dpuczdx8g_0/inst/GenDpu0.u_dpu0/m_dpu_top/m_conv_top/inst_pea/u_mults/GenAddGrp[2].GenAddCh[0].GenMultOcp[4].u_mult_dsp_tree/GenMultPair[3].Gen8x8.u_mult_dsp/u_dsp/GenDsp48E2.u_dsp48e2: When using the PreAdder and AMULTSEL is set to 'AD' and PREADDINSEL is set to 'A', the A operand should be restricted to 26 bit two's complement (and sign extended) to avoid over/underflow in the pre-add stage.
Related violations: <none>

REQP-1731#405 Warning
DSP_Abus_preadd_amult_sel_A_sign_bit_restriction  
kv260_dpu_sobel_bd_i/dpuczdx8g_0/inst/GenDpu0.u_dpu0/m_dpu_top/m_conv_top/inst_pea/u_mults/GenAddGrp[2].GenAddCh[0].GenMultOcp[5].u_mult_dsp_tree/GenMultPair[0].Gen8x8.u_mult_dsp/u_dsp/GenDsp48E2.u_dsp48e2: When using the PreAdder and AMULTSEL is set to 'AD' and PREADDINSEL is set to 'A', the A operand should be restricted to 26 bit two's complement (and sign extended) to avoid over/underflow in the pre-add stage.
Related violations: <none>

REQP-1731#406 Warning
DSP_Abus_preadd_amult_sel_A_sign_bit_restriction  
kv260_dpu_sobel_bd_i/dpuczdx8g_0/inst/GenDpu0.u_dpu0/m_dpu_top/m_conv_top/inst_pea/u_mults/GenAddGrp[2].GenAddCh[0].GenMultOcp[5].u_mult_dsp_tree/GenMultPair[1].Gen8x8.u_mult_dsp/u_dsp/GenDsp48E2.u_dsp48e2: When using the PreAdder and AMULTSEL is set to 'AD' and PREADDINSEL is set to 'A', the A operand should be restricted to 26 bit two's complement (and sign extended) to avoid over/underflow in the pre-add stage.
Related violations: <none>

REQP-1731#407 Warning
DSP_Abus_preadd_amult_sel_A_sign_bit_restriction  
kv260_dpu_sobel_bd_i/dpuczdx8g_0/inst/GenDpu0.u_dpu0/m_dpu_top/m_conv_top/inst_pea/u_mults/GenAddGrp[2].GenAddCh[0].GenMultOcp[5].u_mult_dsp_tree/GenMultPair[2].Gen8x8.u_mult_dsp/u_dsp/GenDsp48E2.u_dsp48e2: When using the PreAdder and AMULTSEL is set to 'AD' and PREADDINSEL is set to 'A', the A operand should be restricted to 26 bit two's complement (and sign extended) to avoid over/underflow in the pre-add stage.
Related violations: <none>

REQP-1731#408 Warning
DSP_Abus_preadd_amult_sel_A_sign_bit_restriction  
kv260_dpu_sobel_bd_i/dpuczdx8g_0/inst/GenDpu0.u_dpu0/m_dpu_top/m_conv_top/inst_pea/u_mults/GenAddGrp[2].GenAddCh[0].GenMultOcp[5].u_mult_dsp_tree/GenMultPair[3].Gen8x8.u_mult_dsp/u_dsp/GenDsp48E2.u_dsp48e2: When using the PreAdder and AMULTSEL is set to 'AD' and PREADDINSEL is set to 'A', the A operand should be restricted to 26 bit two's complement (and sign extended) to avoid over/underflow in the pre-add stage.
Related violations: <none>

REQP-1731#409 Warning
DSP_Abus_preadd_amult_sel_A_sign_bit_restriction  
kv260_dpu_sobel_bd_i/dpuczdx8g_0/inst/GenDpu0.u_dpu0/m_dpu_top/m_conv_top/inst_pea/u_mults/GenAddGrp[2].GenAddCh[0].GenMultOcp[6].u_mult_dsp_tree/GenMultPair[0].Gen8x8.u_mult_dsp/u_dsp/GenDsp48E2.u_dsp48e2: When using the PreAdder and AMULTSEL is set to 'AD' and PREADDINSEL is set to 'A', the A operand should be restricted to 26 bit two's complement (and sign extended) to avoid over/underflow in the pre-add stage.
Related violations: <none>

REQP-1731#410 Warning
DSP_Abus_preadd_amult_sel_A_sign_bit_restriction  
kv260_dpu_sobel_bd_i/dpuczdx8g_0/inst/GenDpu0.u_dpu0/m_dpu_top/m_conv_top/inst_pea/u_mults/GenAddGrp[2].GenAddCh[0].GenMultOcp[6].u_mult_dsp_tree/GenMultPair[1].Gen8x8.u_mult_dsp/u_dsp/GenDsp48E2.u_dsp48e2: When using the PreAdder and AMULTSEL is set to 'AD' and PREADDINSEL is set to 'A', the A operand should be restricted to 26 bit two's complement (and sign extended) to avoid over/underflow in the pre-add stage.
Related violations: <none>

REQP-1731#411 Warning
DSP_Abus_preadd_amult_sel_A_sign_bit_restriction  
kv260_dpu_sobel_bd_i/dpuczdx8g_0/inst/GenDpu0.u_dpu0/m_dpu_top/m_conv_top/inst_pea/u_mults/GenAddGrp[2].GenAddCh[0].GenMultOcp[6].u_mult_dsp_tree/GenMultPair[2].Gen8x8.u_mult_dsp/u_dsp/GenDsp48E2.u_dsp48e2: When using the PreAdder and AMULTSEL is set to 'AD' and PREADDINSEL is set to 'A', the A operand should be restricted to 26 bit two's complement (and sign extended) to avoid over/underflow in the pre-add stage.
Related violations: <none>

REQP-1731#412 Warning
DSP_Abus_preadd_amult_sel_A_sign_bit_restriction  
kv260_dpu_sobel_bd_i/dpuczdx8g_0/inst/GenDpu0.u_dpu0/m_dpu_top/m_conv_top/inst_pea/u_mults/GenAddGrp[2].GenAddCh[0].GenMultOcp[6].u_mult_dsp_tree/GenMultPair[3].Gen8x8.u_mult_dsp/u_dsp/GenDsp48E2.u_dsp48e2: When using the PreAdder and AMULTSEL is set to 'AD' and PREADDINSEL is set to 'A', the A operand should be restricted to 26 bit two's complement (and sign extended) to avoid over/underflow in the pre-add stage.
Related violations: <none>

REQP-1731#413 Warning
DSP_Abus_preadd_amult_sel_A_sign_bit_restriction  
kv260_dpu_sobel_bd_i/dpuczdx8g_0/inst/GenDpu0.u_dpu0/m_dpu_top/m_conv_top/inst_pea/u_mults/GenAddGrp[2].GenAddCh[0].GenMultOcp[7].u_mult_dsp_tree/GenMultPair[0].Gen8x8.u_mult_dsp/u_dsp/GenDsp48E2.u_dsp48e2: When using the PreAdder and AMULTSEL is set to 'AD' and PREADDINSEL is set to 'A', the A operand should be restricted to 26 bit two's complement (and sign extended) to avoid over/underflow in the pre-add stage.
Related violations: <none>

REQP-1731#414 Warning
DSP_Abus_preadd_amult_sel_A_sign_bit_restriction  
kv260_dpu_sobel_bd_i/dpuczdx8g_0/inst/GenDpu0.u_dpu0/m_dpu_top/m_conv_top/inst_pea/u_mults/GenAddGrp[2].GenAddCh[0].GenMultOcp[7].u_mult_dsp_tree/GenMultPair[1].Gen8x8.u_mult_dsp/u_dsp/GenDsp48E2.u_dsp48e2: When using the PreAdder and AMULTSEL is set to 'AD' and PREADDINSEL is set to 'A', the A operand should be restricted to 26 bit two's complement (and sign extended) to avoid over/underflow in the pre-add stage.
Related violations: <none>

REQP-1731#415 Warning
DSP_Abus_preadd_amult_sel_A_sign_bit_restriction  
kv260_dpu_sobel_bd_i/dpuczdx8g_0/inst/GenDpu0.u_dpu0/m_dpu_top/m_conv_top/inst_pea/u_mults/GenAddGrp[2].GenAddCh[0].GenMultOcp[7].u_mult_dsp_tree/GenMultPair[2].Gen8x8.u_mult_dsp/u_dsp/GenDsp48E2.u_dsp48e2: When using the PreAdder and AMULTSEL is set to 'AD' and PREADDINSEL is set to 'A', the A operand should be restricted to 26 bit two's complement (and sign extended) to avoid over/underflow in the pre-add stage.
Related violations: <none>

REQP-1731#416 Warning
DSP_Abus_preadd_amult_sel_A_sign_bit_restriction  
kv260_dpu_sobel_bd_i/dpuczdx8g_0/inst/GenDpu0.u_dpu0/m_dpu_top/m_conv_top/inst_pea/u_mults/GenAddGrp[2].GenAddCh[0].GenMultOcp[7].u_mult_dsp_tree/GenMultPair[3].Gen8x8.u_mult_dsp/u_dsp/GenDsp48E2.u_dsp48e2: When using the PreAdder and AMULTSEL is set to 'AD' and PREADDINSEL is set to 'A', the A operand should be restricted to 26 bit two's complement (and sign extended) to avoid over/underflow in the pre-add stage.
Related violations: <none>

REQP-1731#417 Warning
DSP_Abus_preadd_amult_sel_A_sign_bit_restriction  
kv260_dpu_sobel_bd_i/dpuczdx8g_0/inst/GenDpu0.u_dpu0/m_dpu_top/m_conv_top/inst_pea/u_mults/GenAddGrp[2].GenAddCh[1].GenMultOcp[0].u_mult_dsp_tree/GenMultPair[0].Gen8x8.u_mult_dsp/u_dsp/GenDsp48E2.u_dsp48e2: When using the PreAdder and AMULTSEL is set to 'AD' and PREADDINSEL is set to 'A', the A operand should be restricted to 26 bit two's complement (and sign extended) to avoid over/underflow in the pre-add stage.
Related violations: <none>

REQP-1731#418 Warning
DSP_Abus_preadd_amult_sel_A_sign_bit_restriction  
kv260_dpu_sobel_bd_i/dpuczdx8g_0/inst/GenDpu0.u_dpu0/m_dpu_top/m_conv_top/inst_pea/u_mults/GenAddGrp[2].GenAddCh[1].GenMultOcp[0].u_mult_dsp_tree/GenMultPair[1].Gen8x8.u_mult_dsp/u_dsp/GenDsp48E2.u_dsp48e2: When using the PreAdder and AMULTSEL is set to 'AD' and PREADDINSEL is set to 'A', the A operand should be restricted to 26 bit two's complement (and sign extended) to avoid over/underflow in the pre-add stage.
Related violations: <none>

REQP-1731#419 Warning
DSP_Abus_preadd_amult_sel_A_sign_bit_restriction  
kv260_dpu_sobel_bd_i/dpuczdx8g_0/inst/GenDpu0.u_dpu0/m_dpu_top/m_conv_top/inst_pea/u_mults/GenAddGrp[2].GenAddCh[1].GenMultOcp[0].u_mult_dsp_tree/GenMultPair[2].Gen8x8.u_mult_dsp/u_dsp/GenDsp48E2.u_dsp48e2: When using the PreAdder and AMULTSEL is set to 'AD' and PREADDINSEL is set to 'A', the A operand should be restricted to 26 bit two's complement (and sign extended) to avoid over/underflow in the pre-add stage.
Related violations: <none>

REQP-1731#420 Warning
DSP_Abus_preadd_amult_sel_A_sign_bit_restriction  
kv260_dpu_sobel_bd_i/dpuczdx8g_0/inst/GenDpu0.u_dpu0/m_dpu_top/m_conv_top/inst_pea/u_mults/GenAddGrp[2].GenAddCh[1].GenMultOcp[0].u_mult_dsp_tree/GenMultPair[3].Gen8x8.u_mult_dsp/u_dsp/GenDsp48E2.u_dsp48e2: When using the PreAdder and AMULTSEL is set to 'AD' and PREADDINSEL is set to 'A', the A operand should be restricted to 26 bit two's complement (and sign extended) to avoid over/underflow in the pre-add stage.
Related violations: <none>

REQP-1731#421 Warning
DSP_Abus_preadd_amult_sel_A_sign_bit_restriction  
kv260_dpu_sobel_bd_i/dpuczdx8g_0/inst/GenDpu0.u_dpu0/m_dpu_top/m_conv_top/inst_pea/u_mults/GenAddGrp[2].GenAddCh[1].GenMultOcp[1].u_mult_dsp_tree/GenMultPair[0].Gen8x8.u_mult_dsp/u_dsp/GenDsp48E2.u_dsp48e2: When using the PreAdder and AMULTSEL is set to 'AD' and PREADDINSEL is set to 'A', the A operand should be restricted to 26 bit two's complement (and sign extended) to avoid over/underflow in the pre-add stage.
Related violations: <none>

REQP-1731#422 Warning
DSP_Abus_preadd_amult_sel_A_sign_bit_restriction  
kv260_dpu_sobel_bd_i/dpuczdx8g_0/inst/GenDpu0.u_dpu0/m_dpu_top/m_conv_top/inst_pea/u_mults/GenAddGrp[2].GenAddCh[1].GenMultOcp[1].u_mult_dsp_tree/GenMultPair[1].Gen8x8.u_mult_dsp/u_dsp/GenDsp48E2.u_dsp48e2: When using the PreAdder and AMULTSEL is set to 'AD' and PREADDINSEL is set to 'A', the A operand should be restricted to 26 bit two's complement (and sign extended) to avoid over/underflow in the pre-add stage.
Related violations: <none>

REQP-1731#423 Warning
DSP_Abus_preadd_amult_sel_A_sign_bit_restriction  
kv260_dpu_sobel_bd_i/dpuczdx8g_0/inst/GenDpu0.u_dpu0/m_dpu_top/m_conv_top/inst_pea/u_mults/GenAddGrp[2].GenAddCh[1].GenMultOcp[1].u_mult_dsp_tree/GenMultPair[2].Gen8x8.u_mult_dsp/u_dsp/GenDsp48E2.u_dsp48e2: When using the PreAdder and AMULTSEL is set to 'AD' and PREADDINSEL is set to 'A', the A operand should be restricted to 26 bit two's complement (and sign extended) to avoid over/underflow in the pre-add stage.
Related violations: <none>

REQP-1731#424 Warning
DSP_Abus_preadd_amult_sel_A_sign_bit_restriction  
kv260_dpu_sobel_bd_i/dpuczdx8g_0/inst/GenDpu0.u_dpu0/m_dpu_top/m_conv_top/inst_pea/u_mults/GenAddGrp[2].GenAddCh[1].GenMultOcp[1].u_mult_dsp_tree/GenMultPair[3].Gen8x8.u_mult_dsp/u_dsp/GenDsp48E2.u_dsp48e2: When using the PreAdder and AMULTSEL is set to 'AD' and PREADDINSEL is set to 'A', the A operand should be restricted to 26 bit two's complement (and sign extended) to avoid over/underflow in the pre-add stage.
Related violations: <none>

REQP-1731#425 Warning
DSP_Abus_preadd_amult_sel_A_sign_bit_restriction  
kv260_dpu_sobel_bd_i/dpuczdx8g_0/inst/GenDpu0.u_dpu0/m_dpu_top/m_conv_top/inst_pea/u_mults/GenAddGrp[2].GenAddCh[1].GenMultOcp[2].u_mult_dsp_tree/GenMultPair[0].Gen8x8.u_mult_dsp/u_dsp/GenDsp48E2.u_dsp48e2: When using the PreAdder and AMULTSEL is set to 'AD' and PREADDINSEL is set to 'A', the A operand should be restricted to 26 bit two's complement (and sign extended) to avoid over/underflow in the pre-add stage.
Related violations: <none>

REQP-1731#426 Warning
DSP_Abus_preadd_amult_sel_A_sign_bit_restriction  
kv260_dpu_sobel_bd_i/dpuczdx8g_0/inst/GenDpu0.u_dpu0/m_dpu_top/m_conv_top/inst_pea/u_mults/GenAddGrp[2].GenAddCh[1].GenMultOcp[2].u_mult_dsp_tree/GenMultPair[1].Gen8x8.u_mult_dsp/u_dsp/GenDsp48E2.u_dsp48e2: When using the PreAdder and AMULTSEL is set to 'AD' and PREADDINSEL is set to 'A', the A operand should be restricted to 26 bit two's complement (and sign extended) to avoid over/underflow in the pre-add stage.
Related violations: <none>

REQP-1731#427 Warning
DSP_Abus_preadd_amult_sel_A_sign_bit_restriction  
kv260_dpu_sobel_bd_i/dpuczdx8g_0/inst/GenDpu0.u_dpu0/m_dpu_top/m_conv_top/inst_pea/u_mults/GenAddGrp[2].GenAddCh[1].GenMultOcp[2].u_mult_dsp_tree/GenMultPair[2].Gen8x8.u_mult_dsp/u_dsp/GenDsp48E2.u_dsp48e2: When using the PreAdder and AMULTSEL is set to 'AD' and PREADDINSEL is set to 'A', the A operand should be restricted to 26 bit two's complement (and sign extended) to avoid over/underflow in the pre-add stage.
Related violations: <none>

REQP-1731#428 Warning
DSP_Abus_preadd_amult_sel_A_sign_bit_restriction  
kv260_dpu_sobel_bd_i/dpuczdx8g_0/inst/GenDpu0.u_dpu0/m_dpu_top/m_conv_top/inst_pea/u_mults/GenAddGrp[2].GenAddCh[1].GenMultOcp[2].u_mult_dsp_tree/GenMultPair[3].Gen8x8.u_mult_dsp/u_dsp/GenDsp48E2.u_dsp48e2: When using the PreAdder and AMULTSEL is set to 'AD' and PREADDINSEL is set to 'A', the A operand should be restricted to 26 bit two's complement (and sign extended) to avoid over/underflow in the pre-add stage.
Related violations: <none>

REQP-1731#429 Warning
DSP_Abus_preadd_amult_sel_A_sign_bit_restriction  
kv260_dpu_sobel_bd_i/dpuczdx8g_0/inst/GenDpu0.u_dpu0/m_dpu_top/m_conv_top/inst_pea/u_mults/GenAddGrp[2].GenAddCh[1].GenMultOcp[3].u_mult_dsp_tree/GenMultPair[0].Gen8x8.u_mult_dsp/u_dsp/GenDsp48E2.u_dsp48e2: When using the PreAdder and AMULTSEL is set to 'AD' and PREADDINSEL is set to 'A', the A operand should be restricted to 26 bit two's complement (and sign extended) to avoid over/underflow in the pre-add stage.
Related violations: <none>

REQP-1731#430 Warning
DSP_Abus_preadd_amult_sel_A_sign_bit_restriction  
kv260_dpu_sobel_bd_i/dpuczdx8g_0/inst/GenDpu0.u_dpu0/m_dpu_top/m_conv_top/inst_pea/u_mults/GenAddGrp[2].GenAddCh[1].GenMultOcp[3].u_mult_dsp_tree/GenMultPair[1].Gen8x8.u_mult_dsp/u_dsp/GenDsp48E2.u_dsp48e2: When using the PreAdder and AMULTSEL is set to 'AD' and PREADDINSEL is set to 'A', the A operand should be restricted to 26 bit two's complement (and sign extended) to avoid over/underflow in the pre-add stage.
Related violations: <none>

REQP-1731#431 Warning
DSP_Abus_preadd_amult_sel_A_sign_bit_restriction  
kv260_dpu_sobel_bd_i/dpuczdx8g_0/inst/GenDpu0.u_dpu0/m_dpu_top/m_conv_top/inst_pea/u_mults/GenAddGrp[2].GenAddCh[1].GenMultOcp[3].u_mult_dsp_tree/GenMultPair[2].Gen8x8.u_mult_dsp/u_dsp/GenDsp48E2.u_dsp48e2: When using the PreAdder and AMULTSEL is set to 'AD' and PREADDINSEL is set to 'A', the A operand should be restricted to 26 bit two's complement (and sign extended) to avoid over/underflow in the pre-add stage.
Related violations: <none>

REQP-1731#432 Warning
DSP_Abus_preadd_amult_sel_A_sign_bit_restriction  
kv260_dpu_sobel_bd_i/dpuczdx8g_0/inst/GenDpu0.u_dpu0/m_dpu_top/m_conv_top/inst_pea/u_mults/GenAddGrp[2].GenAddCh[1].GenMultOcp[3].u_mult_dsp_tree/GenMultPair[3].Gen8x8.u_mult_dsp/u_dsp/GenDsp48E2.u_dsp48e2: When using the PreAdder and AMULTSEL is set to 'AD' and PREADDINSEL is set to 'A', the A operand should be restricted to 26 bit two's complement (and sign extended) to avoid over/underflow in the pre-add stage.
Related violations: <none>

REQP-1731#433 Warning
DSP_Abus_preadd_amult_sel_A_sign_bit_restriction  
kv260_dpu_sobel_bd_i/dpuczdx8g_0/inst/GenDpu0.u_dpu0/m_dpu_top/m_conv_top/inst_pea/u_mults/GenAddGrp[2].GenAddCh[1].GenMultOcp[4].u_mult_dsp_tree/GenMultPair[0].Gen8x8.u_mult_dsp/u_dsp/GenDsp48E2.u_dsp48e2: When using the PreAdder and AMULTSEL is set to 'AD' and PREADDINSEL is set to 'A', the A operand should be restricted to 26 bit two's complement (and sign extended) to avoid over/underflow in the pre-add stage.
Related violations: <none>

REQP-1731#434 Warning
DSP_Abus_preadd_amult_sel_A_sign_bit_restriction  
kv260_dpu_sobel_bd_i/dpuczdx8g_0/inst/GenDpu0.u_dpu0/m_dpu_top/m_conv_top/inst_pea/u_mults/GenAddGrp[2].GenAddCh[1].GenMultOcp[4].u_mult_dsp_tree/GenMultPair[1].Gen8x8.u_mult_dsp/u_dsp/GenDsp48E2.u_dsp48e2: When using the PreAdder and AMULTSEL is set to 'AD' and PREADDINSEL is set to 'A', the A operand should be restricted to 26 bit two's complement (and sign extended) to avoid over/underflow in the pre-add stage.
Related violations: <none>

REQP-1731#435 Warning
DSP_Abus_preadd_amult_sel_A_sign_bit_restriction  
kv260_dpu_sobel_bd_i/dpuczdx8g_0/inst/GenDpu0.u_dpu0/m_dpu_top/m_conv_top/inst_pea/u_mults/GenAddGrp[2].GenAddCh[1].GenMultOcp[4].u_mult_dsp_tree/GenMultPair[2].Gen8x8.u_mult_dsp/u_dsp/GenDsp48E2.u_dsp48e2: When using the PreAdder and AMULTSEL is set to 'AD' and PREADDINSEL is set to 'A', the A operand should be restricted to 26 bit two's complement (and sign extended) to avoid over/underflow in the pre-add stage.
Related violations: <none>

REQP-1731#436 Warning
DSP_Abus_preadd_amult_sel_A_sign_bit_restriction  
kv260_dpu_sobel_bd_i/dpuczdx8g_0/inst/GenDpu0.u_dpu0/m_dpu_top/m_conv_top/inst_pea/u_mults/GenAddGrp[2].GenAddCh[1].GenMultOcp[4].u_mult_dsp_tree/GenMultPair[3].Gen8x8.u_mult_dsp/u_dsp/GenDsp48E2.u_dsp48e2: When using the PreAdder and AMULTSEL is set to 'AD' and PREADDINSEL is set to 'A', the A operand should be restricted to 26 bit two's complement (and sign extended) to avoid over/underflow in the pre-add stage.
Related violations: <none>

REQP-1731#437 Warning
DSP_Abus_preadd_amult_sel_A_sign_bit_restriction  
kv260_dpu_sobel_bd_i/dpuczdx8g_0/inst/GenDpu0.u_dpu0/m_dpu_top/m_conv_top/inst_pea/u_mults/GenAddGrp[2].GenAddCh[1].GenMultOcp[5].u_mult_dsp_tree/GenMultPair[0].Gen8x8.u_mult_dsp/u_dsp/GenDsp48E2.u_dsp48e2: When using the PreAdder and AMULTSEL is set to 'AD' and PREADDINSEL is set to 'A', the A operand should be restricted to 26 bit two's complement (and sign extended) to avoid over/underflow in the pre-add stage.
Related violations: <none>

REQP-1731#438 Warning
DSP_Abus_preadd_amult_sel_A_sign_bit_restriction  
kv260_dpu_sobel_bd_i/dpuczdx8g_0/inst/GenDpu0.u_dpu0/m_dpu_top/m_conv_top/inst_pea/u_mults/GenAddGrp[2].GenAddCh[1].GenMultOcp[5].u_mult_dsp_tree/GenMultPair[1].Gen8x8.u_mult_dsp/u_dsp/GenDsp48E2.u_dsp48e2: When using the PreAdder and AMULTSEL is set to 'AD' and PREADDINSEL is set to 'A', the A operand should be restricted to 26 bit two's complement (and sign extended) to avoid over/underflow in the pre-add stage.
Related violations: <none>

REQP-1731#439 Warning
DSP_Abus_preadd_amult_sel_A_sign_bit_restriction  
kv260_dpu_sobel_bd_i/dpuczdx8g_0/inst/GenDpu0.u_dpu0/m_dpu_top/m_conv_top/inst_pea/u_mults/GenAddGrp[2].GenAddCh[1].GenMultOcp[5].u_mult_dsp_tree/GenMultPair[2].Gen8x8.u_mult_dsp/u_dsp/GenDsp48E2.u_dsp48e2: When using the PreAdder and AMULTSEL is set to 'AD' and PREADDINSEL is set to 'A', the A operand should be restricted to 26 bit two's complement (and sign extended) to avoid over/underflow in the pre-add stage.
Related violations: <none>

REQP-1731#440 Warning
DSP_Abus_preadd_amult_sel_A_sign_bit_restriction  
kv260_dpu_sobel_bd_i/dpuczdx8g_0/inst/GenDpu0.u_dpu0/m_dpu_top/m_conv_top/inst_pea/u_mults/GenAddGrp[2].GenAddCh[1].GenMultOcp[5].u_mult_dsp_tree/GenMultPair[3].Gen8x8.u_mult_dsp/u_dsp/GenDsp48E2.u_dsp48e2: When using the PreAdder and AMULTSEL is set to 'AD' and PREADDINSEL is set to 'A', the A operand should be restricted to 26 bit two's complement (and sign extended) to avoid over/underflow in the pre-add stage.
Related violations: <none>

REQP-1731#441 Warning
DSP_Abus_preadd_amult_sel_A_sign_bit_restriction  
kv260_dpu_sobel_bd_i/dpuczdx8g_0/inst/GenDpu0.u_dpu0/m_dpu_top/m_conv_top/inst_pea/u_mults/GenAddGrp[2].GenAddCh[1].GenMultOcp[6].u_mult_dsp_tree/GenMultPair[0].Gen8x8.u_mult_dsp/u_dsp/GenDsp48E2.u_dsp48e2: When using the PreAdder and AMULTSEL is set to 'AD' and PREADDINSEL is set to 'A', the A operand should be restricted to 26 bit two's complement (and sign extended) to avoid over/underflow in the pre-add stage.
Related violations: <none>

REQP-1731#442 Warning
DSP_Abus_preadd_amult_sel_A_sign_bit_restriction  
kv260_dpu_sobel_bd_i/dpuczdx8g_0/inst/GenDpu0.u_dpu0/m_dpu_top/m_conv_top/inst_pea/u_mults/GenAddGrp[2].GenAddCh[1].GenMultOcp[6].u_mult_dsp_tree/GenMultPair[1].Gen8x8.u_mult_dsp/u_dsp/GenDsp48E2.u_dsp48e2: When using the PreAdder and AMULTSEL is set to 'AD' and PREADDINSEL is set to 'A', the A operand should be restricted to 26 bit two's complement (and sign extended) to avoid over/underflow in the pre-add stage.
Related violations: <none>

REQP-1731#443 Warning
DSP_Abus_preadd_amult_sel_A_sign_bit_restriction  
kv260_dpu_sobel_bd_i/dpuczdx8g_0/inst/GenDpu0.u_dpu0/m_dpu_top/m_conv_top/inst_pea/u_mults/GenAddGrp[2].GenAddCh[1].GenMultOcp[6].u_mult_dsp_tree/GenMultPair[2].Gen8x8.u_mult_dsp/u_dsp/GenDsp48E2.u_dsp48e2: When using the PreAdder and AMULTSEL is set to 'AD' and PREADDINSEL is set to 'A', the A operand should be restricted to 26 bit two's complement (and sign extended) to avoid over/underflow in the pre-add stage.
Related violations: <none>

REQP-1731#444 Warning
DSP_Abus_preadd_amult_sel_A_sign_bit_restriction  
kv260_dpu_sobel_bd_i/dpuczdx8g_0/inst/GenDpu0.u_dpu0/m_dpu_top/m_conv_top/inst_pea/u_mults/GenAddGrp[2].GenAddCh[1].GenMultOcp[6].u_mult_dsp_tree/GenMultPair[3].Gen8x8.u_mult_dsp/u_dsp/GenDsp48E2.u_dsp48e2: When using the PreAdder and AMULTSEL is set to 'AD' and PREADDINSEL is set to 'A', the A operand should be restricted to 26 bit two's complement (and sign extended) to avoid over/underflow in the pre-add stage.
Related violations: <none>

REQP-1731#445 Warning
DSP_Abus_preadd_amult_sel_A_sign_bit_restriction  
kv260_dpu_sobel_bd_i/dpuczdx8g_0/inst/GenDpu0.u_dpu0/m_dpu_top/m_conv_top/inst_pea/u_mults/GenAddGrp[2].GenAddCh[1].GenMultOcp[7].u_mult_dsp_tree/GenMultPair[0].Gen8x8.u_mult_dsp/u_dsp/GenDsp48E2.u_dsp48e2: When using the PreAdder and AMULTSEL is set to 'AD' and PREADDINSEL is set to 'A', the A operand should be restricted to 26 bit two's complement (and sign extended) to avoid over/underflow in the pre-add stage.
Related violations: <none>

REQP-1731#446 Warning
DSP_Abus_preadd_amult_sel_A_sign_bit_restriction  
kv260_dpu_sobel_bd_i/dpuczdx8g_0/inst/GenDpu0.u_dpu0/m_dpu_top/m_conv_top/inst_pea/u_mults/GenAddGrp[2].GenAddCh[1].GenMultOcp[7].u_mult_dsp_tree/GenMultPair[1].Gen8x8.u_mult_dsp/u_dsp/GenDsp48E2.u_dsp48e2: When using the PreAdder and AMULTSEL is set to 'AD' and PREADDINSEL is set to 'A', the A operand should be restricted to 26 bit two's complement (and sign extended) to avoid over/underflow in the pre-add stage.
Related violations: <none>

REQP-1731#447 Warning
DSP_Abus_preadd_amult_sel_A_sign_bit_restriction  
kv260_dpu_sobel_bd_i/dpuczdx8g_0/inst/GenDpu0.u_dpu0/m_dpu_top/m_conv_top/inst_pea/u_mults/GenAddGrp[2].GenAddCh[1].GenMultOcp[7].u_mult_dsp_tree/GenMultPair[2].Gen8x8.u_mult_dsp/u_dsp/GenDsp48E2.u_dsp48e2: When using the PreAdder and AMULTSEL is set to 'AD' and PREADDINSEL is set to 'A', the A operand should be restricted to 26 bit two's complement (and sign extended) to avoid over/underflow in the pre-add stage.
Related violations: <none>

REQP-1731#448 Warning
DSP_Abus_preadd_amult_sel_A_sign_bit_restriction  
kv260_dpu_sobel_bd_i/dpuczdx8g_0/inst/GenDpu0.u_dpu0/m_dpu_top/m_conv_top/inst_pea/u_mults/GenAddGrp[2].GenAddCh[1].GenMultOcp[7].u_mult_dsp_tree/GenMultPair[3].Gen8x8.u_mult_dsp/u_dsp/GenDsp48E2.u_dsp48e2: When using the PreAdder and AMULTSEL is set to 'AD' and PREADDINSEL is set to 'A', the A operand should be restricted to 26 bit two's complement (and sign extended) to avoid over/underflow in the pre-add stage.
Related violations: <none>

REQP-1731#449 Warning
DSP_Abus_preadd_amult_sel_A_sign_bit_restriction  
kv260_dpu_sobel_bd_i/dpuczdx8g_0/inst/GenDpu0.u_dpu0/m_dpu_top/m_conv_top/inst_pea/u_mults/GenAddGrp[2].GenAddCh[2].GenMultOcp[0].u_mult_dsp_tree/GenMultPair[0].Gen8x8.u_mult_dsp/u_dsp/GenDsp48E2.u_dsp48e2: When using the PreAdder and AMULTSEL is set to 'AD' and PREADDINSEL is set to 'A', the A operand should be restricted to 26 bit two's complement (and sign extended) to avoid over/underflow in the pre-add stage.
Related violations: <none>

REQP-1731#450 Warning
DSP_Abus_preadd_amult_sel_A_sign_bit_restriction  
kv260_dpu_sobel_bd_i/dpuczdx8g_0/inst/GenDpu0.u_dpu0/m_dpu_top/m_conv_top/inst_pea/u_mults/GenAddGrp[2].GenAddCh[2].GenMultOcp[0].u_mult_dsp_tree/GenMultPair[1].Gen8x8.u_mult_dsp/u_dsp/GenDsp48E2.u_dsp48e2: When using the PreAdder and AMULTSEL is set to 'AD' and PREADDINSEL is set to 'A', the A operand should be restricted to 26 bit two's complement (and sign extended) to avoid over/underflow in the pre-add stage.
Related violations: <none>

REQP-1731#451 Warning
DSP_Abus_preadd_amult_sel_A_sign_bit_restriction  
kv260_dpu_sobel_bd_i/dpuczdx8g_0/inst/GenDpu0.u_dpu0/m_dpu_top/m_conv_top/inst_pea/u_mults/GenAddGrp[2].GenAddCh[2].GenMultOcp[0].u_mult_dsp_tree/GenMultPair[2].Gen8x8.u_mult_dsp/u_dsp/GenDsp48E2.u_dsp48e2: When using the PreAdder and AMULTSEL is set to 'AD' and PREADDINSEL is set to 'A', the A operand should be restricted to 26 bit two's complement (and sign extended) to avoid over/underflow in the pre-add stage.
Related violations: <none>

REQP-1731#452 Warning
DSP_Abus_preadd_amult_sel_A_sign_bit_restriction  
kv260_dpu_sobel_bd_i/dpuczdx8g_0/inst/GenDpu0.u_dpu0/m_dpu_top/m_conv_top/inst_pea/u_mults/GenAddGrp[2].GenAddCh[2].GenMultOcp[0].u_mult_dsp_tree/GenMultPair[3].Gen8x8.u_mult_dsp/u_dsp/GenDsp48E2.u_dsp48e2: When using the PreAdder and AMULTSEL is set to 'AD' and PREADDINSEL is set to 'A', the A operand should be restricted to 26 bit two's complement (and sign extended) to avoid over/underflow in the pre-add stage.
Related violations: <none>

REQP-1731#453 Warning
DSP_Abus_preadd_amult_sel_A_sign_bit_restriction  
kv260_dpu_sobel_bd_i/dpuczdx8g_0/inst/GenDpu0.u_dpu0/m_dpu_top/m_conv_top/inst_pea/u_mults/GenAddGrp[2].GenAddCh[2].GenMultOcp[1].u_mult_dsp_tree/GenMultPair[0].Gen8x8.u_mult_dsp/u_dsp/GenDsp48E2.u_dsp48e2: When using the PreAdder and AMULTSEL is set to 'AD' and PREADDINSEL is set to 'A', the A operand should be restricted to 26 bit two's complement (and sign extended) to avoid over/underflow in the pre-add stage.
Related violations: <none>

REQP-1731#454 Warning
DSP_Abus_preadd_amult_sel_A_sign_bit_restriction  
kv260_dpu_sobel_bd_i/dpuczdx8g_0/inst/GenDpu0.u_dpu0/m_dpu_top/m_conv_top/inst_pea/u_mults/GenAddGrp[2].GenAddCh[2].GenMultOcp[1].u_mult_dsp_tree/GenMultPair[1].Gen8x8.u_mult_dsp/u_dsp/GenDsp48E2.u_dsp48e2: When using the PreAdder and AMULTSEL is set to 'AD' and PREADDINSEL is set to 'A', the A operand should be restricted to 26 bit two's complement (and sign extended) to avoid over/underflow in the pre-add stage.
Related violations: <none>

REQP-1731#455 Warning
DSP_Abus_preadd_amult_sel_A_sign_bit_restriction  
kv260_dpu_sobel_bd_i/dpuczdx8g_0/inst/GenDpu0.u_dpu0/m_dpu_top/m_conv_top/inst_pea/u_mults/GenAddGrp[2].GenAddCh[2].GenMultOcp[1].u_mult_dsp_tree/GenMultPair[2].Gen8x8.u_mult_dsp/u_dsp/GenDsp48E2.u_dsp48e2: When using the PreAdder and AMULTSEL is set to 'AD' and PREADDINSEL is set to 'A', the A operand should be restricted to 26 bit two's complement (and sign extended) to avoid over/underflow in the pre-add stage.
Related violations: <none>

REQP-1731#456 Warning
DSP_Abus_preadd_amult_sel_A_sign_bit_restriction  
kv260_dpu_sobel_bd_i/dpuczdx8g_0/inst/GenDpu0.u_dpu0/m_dpu_top/m_conv_top/inst_pea/u_mults/GenAddGrp[2].GenAddCh[2].GenMultOcp[1].u_mult_dsp_tree/GenMultPair[3].Gen8x8.u_mult_dsp/u_dsp/GenDsp48E2.u_dsp48e2: When using the PreAdder and AMULTSEL is set to 'AD' and PREADDINSEL is set to 'A', the A operand should be restricted to 26 bit two's complement (and sign extended) to avoid over/underflow in the pre-add stage.
Related violations: <none>

REQP-1731#457 Warning
DSP_Abus_preadd_amult_sel_A_sign_bit_restriction  
kv260_dpu_sobel_bd_i/dpuczdx8g_0/inst/GenDpu0.u_dpu0/m_dpu_top/m_conv_top/inst_pea/u_mults/GenAddGrp[2].GenAddCh[2].GenMultOcp[2].u_mult_dsp_tree/GenMultPair[0].Gen8x8.u_mult_dsp/u_dsp/GenDsp48E2.u_dsp48e2: When using the PreAdder and AMULTSEL is set to 'AD' and PREADDINSEL is set to 'A', the A operand should be restricted to 26 bit two's complement (and sign extended) to avoid over/underflow in the pre-add stage.
Related violations: <none>

REQP-1731#458 Warning
DSP_Abus_preadd_amult_sel_A_sign_bit_restriction  
kv260_dpu_sobel_bd_i/dpuczdx8g_0/inst/GenDpu0.u_dpu0/m_dpu_top/m_conv_top/inst_pea/u_mults/GenAddGrp[2].GenAddCh[2].GenMultOcp[2].u_mult_dsp_tree/GenMultPair[1].Gen8x8.u_mult_dsp/u_dsp/GenDsp48E2.u_dsp48e2: When using the PreAdder and AMULTSEL is set to 'AD' and PREADDINSEL is set to 'A', the A operand should be restricted to 26 bit two's complement (and sign extended) to avoid over/underflow in the pre-add stage.
Related violations: <none>

REQP-1731#459 Warning
DSP_Abus_preadd_amult_sel_A_sign_bit_restriction  
kv260_dpu_sobel_bd_i/dpuczdx8g_0/inst/GenDpu0.u_dpu0/m_dpu_top/m_conv_top/inst_pea/u_mults/GenAddGrp[2].GenAddCh[2].GenMultOcp[2].u_mult_dsp_tree/GenMultPair[2].Gen8x8.u_mult_dsp/u_dsp/GenDsp48E2.u_dsp48e2: When using the PreAdder and AMULTSEL is set to 'AD' and PREADDINSEL is set to 'A', the A operand should be restricted to 26 bit two's complement (and sign extended) to avoid over/underflow in the pre-add stage.
Related violations: <none>

REQP-1731#460 Warning
DSP_Abus_preadd_amult_sel_A_sign_bit_restriction  
kv260_dpu_sobel_bd_i/dpuczdx8g_0/inst/GenDpu0.u_dpu0/m_dpu_top/m_conv_top/inst_pea/u_mults/GenAddGrp[2].GenAddCh[2].GenMultOcp[2].u_mult_dsp_tree/GenMultPair[3].Gen8x8.u_mult_dsp/u_dsp/GenDsp48E2.u_dsp48e2: When using the PreAdder and AMULTSEL is set to 'AD' and PREADDINSEL is set to 'A', the A operand should be restricted to 26 bit two's complement (and sign extended) to avoid over/underflow in the pre-add stage.
Related violations: <none>

REQP-1731#461 Warning
DSP_Abus_preadd_amult_sel_A_sign_bit_restriction  
kv260_dpu_sobel_bd_i/dpuczdx8g_0/inst/GenDpu0.u_dpu0/m_dpu_top/m_conv_top/inst_pea/u_mults/GenAddGrp[2].GenAddCh[2].GenMultOcp[3].u_mult_dsp_tree/GenMultPair[0].Gen8x8.u_mult_dsp/u_dsp/GenDsp48E2.u_dsp48e2: When using the PreAdder and AMULTSEL is set to 'AD' and PREADDINSEL is set to 'A', the A operand should be restricted to 26 bit two's complement (and sign extended) to avoid over/underflow in the pre-add stage.
Related violations: <none>

REQP-1731#462 Warning
DSP_Abus_preadd_amult_sel_A_sign_bit_restriction  
kv260_dpu_sobel_bd_i/dpuczdx8g_0/inst/GenDpu0.u_dpu0/m_dpu_top/m_conv_top/inst_pea/u_mults/GenAddGrp[2].GenAddCh[2].GenMultOcp[3].u_mult_dsp_tree/GenMultPair[1].Gen8x8.u_mult_dsp/u_dsp/GenDsp48E2.u_dsp48e2: When using the PreAdder and AMULTSEL is set to 'AD' and PREADDINSEL is set to 'A', the A operand should be restricted to 26 bit two's complement (and sign extended) to avoid over/underflow in the pre-add stage.
Related violations: <none>

REQP-1731#463 Warning
DSP_Abus_preadd_amult_sel_A_sign_bit_restriction  
kv260_dpu_sobel_bd_i/dpuczdx8g_0/inst/GenDpu0.u_dpu0/m_dpu_top/m_conv_top/inst_pea/u_mults/GenAddGrp[2].GenAddCh[2].GenMultOcp[3].u_mult_dsp_tree/GenMultPair[2].Gen8x8.u_mult_dsp/u_dsp/GenDsp48E2.u_dsp48e2: When using the PreAdder and AMULTSEL is set to 'AD' and PREADDINSEL is set to 'A', the A operand should be restricted to 26 bit two's complement (and sign extended) to avoid over/underflow in the pre-add stage.
Related violations: <none>

REQP-1731#464 Warning
DSP_Abus_preadd_amult_sel_A_sign_bit_restriction  
kv260_dpu_sobel_bd_i/dpuczdx8g_0/inst/GenDpu0.u_dpu0/m_dpu_top/m_conv_top/inst_pea/u_mults/GenAddGrp[2].GenAddCh[2].GenMultOcp[3].u_mult_dsp_tree/GenMultPair[3].Gen8x8.u_mult_dsp/u_dsp/GenDsp48E2.u_dsp48e2: When using the PreAdder and AMULTSEL is set to 'AD' and PREADDINSEL is set to 'A', the A operand should be restricted to 26 bit two's complement (and sign extended) to avoid over/underflow in the pre-add stage.
Related violations: <none>

REQP-1731#465 Warning
DSP_Abus_preadd_amult_sel_A_sign_bit_restriction  
kv260_dpu_sobel_bd_i/dpuczdx8g_0/inst/GenDpu0.u_dpu0/m_dpu_top/m_conv_top/inst_pea/u_mults/GenAddGrp[2].GenAddCh[2].GenMultOcp[4].u_mult_dsp_tree/GenMultPair[0].Gen8x8.u_mult_dsp/u_dsp/GenDsp48E2.u_dsp48e2: When using the PreAdder and AMULTSEL is set to 'AD' and PREADDINSEL is set to 'A', the A operand should be restricted to 26 bit two's complement (and sign extended) to avoid over/underflow in the pre-add stage.
Related violations: <none>

REQP-1731#466 Warning
DSP_Abus_preadd_amult_sel_A_sign_bit_restriction  
kv260_dpu_sobel_bd_i/dpuczdx8g_0/inst/GenDpu0.u_dpu0/m_dpu_top/m_conv_top/inst_pea/u_mults/GenAddGrp[2].GenAddCh[2].GenMultOcp[4].u_mult_dsp_tree/GenMultPair[1].Gen8x8.u_mult_dsp/u_dsp/GenDsp48E2.u_dsp48e2: When using the PreAdder and AMULTSEL is set to 'AD' and PREADDINSEL is set to 'A', the A operand should be restricted to 26 bit two's complement (and sign extended) to avoid over/underflow in the pre-add stage.
Related violations: <none>

REQP-1731#467 Warning
DSP_Abus_preadd_amult_sel_A_sign_bit_restriction  
kv260_dpu_sobel_bd_i/dpuczdx8g_0/inst/GenDpu0.u_dpu0/m_dpu_top/m_conv_top/inst_pea/u_mults/GenAddGrp[2].GenAddCh[2].GenMultOcp[4].u_mult_dsp_tree/GenMultPair[2].Gen8x8.u_mult_dsp/u_dsp/GenDsp48E2.u_dsp48e2: When using the PreAdder and AMULTSEL is set to 'AD' and PREADDINSEL is set to 'A', the A operand should be restricted to 26 bit two's complement (and sign extended) to avoid over/underflow in the pre-add stage.
Related violations: <none>

REQP-1731#468 Warning
DSP_Abus_preadd_amult_sel_A_sign_bit_restriction  
kv260_dpu_sobel_bd_i/dpuczdx8g_0/inst/GenDpu0.u_dpu0/m_dpu_top/m_conv_top/inst_pea/u_mults/GenAddGrp[2].GenAddCh[2].GenMultOcp[4].u_mult_dsp_tree/GenMultPair[3].Gen8x8.u_mult_dsp/u_dsp/GenDsp48E2.u_dsp48e2: When using the PreAdder and AMULTSEL is set to 'AD' and PREADDINSEL is set to 'A', the A operand should be restricted to 26 bit two's complement (and sign extended) to avoid over/underflow in the pre-add stage.
Related violations: <none>

REQP-1731#469 Warning
DSP_Abus_preadd_amult_sel_A_sign_bit_restriction  
kv260_dpu_sobel_bd_i/dpuczdx8g_0/inst/GenDpu0.u_dpu0/m_dpu_top/m_conv_top/inst_pea/u_mults/GenAddGrp[2].GenAddCh[2].GenMultOcp[5].u_mult_dsp_tree/GenMultPair[0].Gen8x8.u_mult_dsp/u_dsp/GenDsp48E2.u_dsp48e2: When using the PreAdder and AMULTSEL is set to 'AD' and PREADDINSEL is set to 'A', the A operand should be restricted to 26 bit two's complement (and sign extended) to avoid over/underflow in the pre-add stage.
Related violations: <none>

REQP-1731#470 Warning
DSP_Abus_preadd_amult_sel_A_sign_bit_restriction  
kv260_dpu_sobel_bd_i/dpuczdx8g_0/inst/GenDpu0.u_dpu0/m_dpu_top/m_conv_top/inst_pea/u_mults/GenAddGrp[2].GenAddCh[2].GenMultOcp[5].u_mult_dsp_tree/GenMultPair[1].Gen8x8.u_mult_dsp/u_dsp/GenDsp48E2.u_dsp48e2: When using the PreAdder and AMULTSEL is set to 'AD' and PREADDINSEL is set to 'A', the A operand should be restricted to 26 bit two's complement (and sign extended) to avoid over/underflow in the pre-add stage.
Related violations: <none>

REQP-1731#471 Warning
DSP_Abus_preadd_amult_sel_A_sign_bit_restriction  
kv260_dpu_sobel_bd_i/dpuczdx8g_0/inst/GenDpu0.u_dpu0/m_dpu_top/m_conv_top/inst_pea/u_mults/GenAddGrp[2].GenAddCh[2].GenMultOcp[5].u_mult_dsp_tree/GenMultPair[2].Gen8x8.u_mult_dsp/u_dsp/GenDsp48E2.u_dsp48e2: When using the PreAdder and AMULTSEL is set to 'AD' and PREADDINSEL is set to 'A', the A operand should be restricted to 26 bit two's complement (and sign extended) to avoid over/underflow in the pre-add stage.
Related violations: <none>

REQP-1731#472 Warning
DSP_Abus_preadd_amult_sel_A_sign_bit_restriction  
kv260_dpu_sobel_bd_i/dpuczdx8g_0/inst/GenDpu0.u_dpu0/m_dpu_top/m_conv_top/inst_pea/u_mults/GenAddGrp[2].GenAddCh[2].GenMultOcp[5].u_mult_dsp_tree/GenMultPair[3].Gen8x8.u_mult_dsp/u_dsp/GenDsp48E2.u_dsp48e2: When using the PreAdder and AMULTSEL is set to 'AD' and PREADDINSEL is set to 'A', the A operand should be restricted to 26 bit two's complement (and sign extended) to avoid over/underflow in the pre-add stage.
Related violations: <none>

REQP-1731#473 Warning
DSP_Abus_preadd_amult_sel_A_sign_bit_restriction  
kv260_dpu_sobel_bd_i/dpuczdx8g_0/inst/GenDpu0.u_dpu0/m_dpu_top/m_conv_top/inst_pea/u_mults/GenAddGrp[2].GenAddCh[2].GenMultOcp[6].u_mult_dsp_tree/GenMultPair[0].Gen8x8.u_mult_dsp/u_dsp/GenDsp48E2.u_dsp48e2: When using the PreAdder and AMULTSEL is set to 'AD' and PREADDINSEL is set to 'A', the A operand should be restricted to 26 bit two's complement (and sign extended) to avoid over/underflow in the pre-add stage.
Related violations: <none>

REQP-1731#474 Warning
DSP_Abus_preadd_amult_sel_A_sign_bit_restriction  
kv260_dpu_sobel_bd_i/dpuczdx8g_0/inst/GenDpu0.u_dpu0/m_dpu_top/m_conv_top/inst_pea/u_mults/GenAddGrp[2].GenAddCh[2].GenMultOcp[6].u_mult_dsp_tree/GenMultPair[1].Gen8x8.u_mult_dsp/u_dsp/GenDsp48E2.u_dsp48e2: When using the PreAdder and AMULTSEL is set to 'AD' and PREADDINSEL is set to 'A', the A operand should be restricted to 26 bit two's complement (and sign extended) to avoid over/underflow in the pre-add stage.
Related violations: <none>

REQP-1731#475 Warning
DSP_Abus_preadd_amult_sel_A_sign_bit_restriction  
kv260_dpu_sobel_bd_i/dpuczdx8g_0/inst/GenDpu0.u_dpu0/m_dpu_top/m_conv_top/inst_pea/u_mults/GenAddGrp[2].GenAddCh[2].GenMultOcp[6].u_mult_dsp_tree/GenMultPair[2].Gen8x8.u_mult_dsp/u_dsp/GenDsp48E2.u_dsp48e2: When using the PreAdder and AMULTSEL is set to 'AD' and PREADDINSEL is set to 'A', the A operand should be restricted to 26 bit two's complement (and sign extended) to avoid over/underflow in the pre-add stage.
Related violations: <none>

REQP-1731#476 Warning
DSP_Abus_preadd_amult_sel_A_sign_bit_restriction  
kv260_dpu_sobel_bd_i/dpuczdx8g_0/inst/GenDpu0.u_dpu0/m_dpu_top/m_conv_top/inst_pea/u_mults/GenAddGrp[2].GenAddCh[2].GenMultOcp[6].u_mult_dsp_tree/GenMultPair[3].Gen8x8.u_mult_dsp/u_dsp/GenDsp48E2.u_dsp48e2: When using the PreAdder and AMULTSEL is set to 'AD' and PREADDINSEL is set to 'A', the A operand should be restricted to 26 bit two's complement (and sign extended) to avoid over/underflow in the pre-add stage.
Related violations: <none>

REQP-1731#477 Warning
DSP_Abus_preadd_amult_sel_A_sign_bit_restriction  
kv260_dpu_sobel_bd_i/dpuczdx8g_0/inst/GenDpu0.u_dpu0/m_dpu_top/m_conv_top/inst_pea/u_mults/GenAddGrp[2].GenAddCh[2].GenMultOcp[7].u_mult_dsp_tree/GenMultPair[0].Gen8x8.u_mult_dsp/u_dsp/GenDsp48E2.u_dsp48e2: When using the PreAdder and AMULTSEL is set to 'AD' and PREADDINSEL is set to 'A', the A operand should be restricted to 26 bit two's complement (and sign extended) to avoid over/underflow in the pre-add stage.
Related violations: <none>

REQP-1731#478 Warning
DSP_Abus_preadd_amult_sel_A_sign_bit_restriction  
kv260_dpu_sobel_bd_i/dpuczdx8g_0/inst/GenDpu0.u_dpu0/m_dpu_top/m_conv_top/inst_pea/u_mults/GenAddGrp[2].GenAddCh[2].GenMultOcp[7].u_mult_dsp_tree/GenMultPair[1].Gen8x8.u_mult_dsp/u_dsp/GenDsp48E2.u_dsp48e2: When using the PreAdder and AMULTSEL is set to 'AD' and PREADDINSEL is set to 'A', the A operand should be restricted to 26 bit two's complement (and sign extended) to avoid over/underflow in the pre-add stage.
Related violations: <none>

REQP-1731#479 Warning
DSP_Abus_preadd_amult_sel_A_sign_bit_restriction  
kv260_dpu_sobel_bd_i/dpuczdx8g_0/inst/GenDpu0.u_dpu0/m_dpu_top/m_conv_top/inst_pea/u_mults/GenAddGrp[2].GenAddCh[2].GenMultOcp[7].u_mult_dsp_tree/GenMultPair[2].Gen8x8.u_mult_dsp/u_dsp/GenDsp48E2.u_dsp48e2: When using the PreAdder and AMULTSEL is set to 'AD' and PREADDINSEL is set to 'A', the A operand should be restricted to 26 bit two's complement (and sign extended) to avoid over/underflow in the pre-add stage.
Related violations: <none>

REQP-1731#480 Warning
DSP_Abus_preadd_amult_sel_A_sign_bit_restriction  
kv260_dpu_sobel_bd_i/dpuczdx8g_0/inst/GenDpu0.u_dpu0/m_dpu_top/m_conv_top/inst_pea/u_mults/GenAddGrp[2].GenAddCh[2].GenMultOcp[7].u_mult_dsp_tree/GenMultPair[3].Gen8x8.u_mult_dsp/u_dsp/GenDsp48E2.u_dsp48e2: When using the PreAdder and AMULTSEL is set to 'AD' and PREADDINSEL is set to 'A', the A operand should be restricted to 26 bit two's complement (and sign extended) to avoid over/underflow in the pre-add stage.
Related violations: <none>

REQP-1731#481 Warning
DSP_Abus_preadd_amult_sel_A_sign_bit_restriction  
kv260_dpu_sobel_bd_i/dpuczdx8g_0/inst/GenDpu0.u_dpu0/m_dpu_top/m_conv_top/inst_pea/u_mults/GenAddGrp[2].GenAddCh[3].GenMultOcp[0].u_mult_dsp_tree/GenMultPair[0].Gen8x8.u_mult_dsp/u_dsp/GenDsp48E2.u_dsp48e2: When using the PreAdder and AMULTSEL is set to 'AD' and PREADDINSEL is set to 'A', the A operand should be restricted to 26 bit two's complement (and sign extended) to avoid over/underflow in the pre-add stage.
Related violations: <none>

REQP-1731#482 Warning
DSP_Abus_preadd_amult_sel_A_sign_bit_restriction  
kv260_dpu_sobel_bd_i/dpuczdx8g_0/inst/GenDpu0.u_dpu0/m_dpu_top/m_conv_top/inst_pea/u_mults/GenAddGrp[2].GenAddCh[3].GenMultOcp[0].u_mult_dsp_tree/GenMultPair[1].Gen8x8.u_mult_dsp/u_dsp/GenDsp48E2.u_dsp48e2: When using the PreAdder and AMULTSEL is set to 'AD' and PREADDINSEL is set to 'A', the A operand should be restricted to 26 bit two's complement (and sign extended) to avoid over/underflow in the pre-add stage.
Related violations: <none>

REQP-1731#483 Warning
DSP_Abus_preadd_amult_sel_A_sign_bit_restriction  
kv260_dpu_sobel_bd_i/dpuczdx8g_0/inst/GenDpu0.u_dpu0/m_dpu_top/m_conv_top/inst_pea/u_mults/GenAddGrp[2].GenAddCh[3].GenMultOcp[0].u_mult_dsp_tree/GenMultPair[2].Gen8x8.u_mult_dsp/u_dsp/GenDsp48E2.u_dsp48e2: When using the PreAdder and AMULTSEL is set to 'AD' and PREADDINSEL is set to 'A', the A operand should be restricted to 26 bit two's complement (and sign extended) to avoid over/underflow in the pre-add stage.
Related violations: <none>

REQP-1731#484 Warning
DSP_Abus_preadd_amult_sel_A_sign_bit_restriction  
kv260_dpu_sobel_bd_i/dpuczdx8g_0/inst/GenDpu0.u_dpu0/m_dpu_top/m_conv_top/inst_pea/u_mults/GenAddGrp[2].GenAddCh[3].GenMultOcp[0].u_mult_dsp_tree/GenMultPair[3].Gen8x8.u_mult_dsp/u_dsp/GenDsp48E2.u_dsp48e2: When using the PreAdder and AMULTSEL is set to 'AD' and PREADDINSEL is set to 'A', the A operand should be restricted to 26 bit two's complement (and sign extended) to avoid over/underflow in the pre-add stage.
Related violations: <none>

REQP-1731#485 Warning
DSP_Abus_preadd_amult_sel_A_sign_bit_restriction  
kv260_dpu_sobel_bd_i/dpuczdx8g_0/inst/GenDpu0.u_dpu0/m_dpu_top/m_conv_top/inst_pea/u_mults/GenAddGrp[2].GenAddCh[3].GenMultOcp[1].u_mult_dsp_tree/GenMultPair[0].Gen8x8.u_mult_dsp/u_dsp/GenDsp48E2.u_dsp48e2: When using the PreAdder and AMULTSEL is set to 'AD' and PREADDINSEL is set to 'A', the A operand should be restricted to 26 bit two's complement (and sign extended) to avoid over/underflow in the pre-add stage.
Related violations: <none>

REQP-1731#486 Warning
DSP_Abus_preadd_amult_sel_A_sign_bit_restriction  
kv260_dpu_sobel_bd_i/dpuczdx8g_0/inst/GenDpu0.u_dpu0/m_dpu_top/m_conv_top/inst_pea/u_mults/GenAddGrp[2].GenAddCh[3].GenMultOcp[1].u_mult_dsp_tree/GenMultPair[1].Gen8x8.u_mult_dsp/u_dsp/GenDsp48E2.u_dsp48e2: When using the PreAdder and AMULTSEL is set to 'AD' and PREADDINSEL is set to 'A', the A operand should be restricted to 26 bit two's complement (and sign extended) to avoid over/underflow in the pre-add stage.
Related violations: <none>

REQP-1731#487 Warning
DSP_Abus_preadd_amult_sel_A_sign_bit_restriction  
kv260_dpu_sobel_bd_i/dpuczdx8g_0/inst/GenDpu0.u_dpu0/m_dpu_top/m_conv_top/inst_pea/u_mults/GenAddGrp[2].GenAddCh[3].GenMultOcp[1].u_mult_dsp_tree/GenMultPair[2].Gen8x8.u_mult_dsp/u_dsp/GenDsp48E2.u_dsp48e2: When using the PreAdder and AMULTSEL is set to 'AD' and PREADDINSEL is set to 'A', the A operand should be restricted to 26 bit two's complement (and sign extended) to avoid over/underflow in the pre-add stage.
Related violations: <none>

REQP-1731#488 Warning
DSP_Abus_preadd_amult_sel_A_sign_bit_restriction  
kv260_dpu_sobel_bd_i/dpuczdx8g_0/inst/GenDpu0.u_dpu0/m_dpu_top/m_conv_top/inst_pea/u_mults/GenAddGrp[2].GenAddCh[3].GenMultOcp[1].u_mult_dsp_tree/GenMultPair[3].Gen8x8.u_mult_dsp/u_dsp/GenDsp48E2.u_dsp48e2: When using the PreAdder and AMULTSEL is set to 'AD' and PREADDINSEL is set to 'A', the A operand should be restricted to 26 bit two's complement (and sign extended) to avoid over/underflow in the pre-add stage.
Related violations: <none>

REQP-1731#489 Warning
DSP_Abus_preadd_amult_sel_A_sign_bit_restriction  
kv260_dpu_sobel_bd_i/dpuczdx8g_0/inst/GenDpu0.u_dpu0/m_dpu_top/m_conv_top/inst_pea/u_mults/GenAddGrp[2].GenAddCh[3].GenMultOcp[2].u_mult_dsp_tree/GenMultPair[0].Gen8x8.u_mult_dsp/u_dsp/GenDsp48E2.u_dsp48e2: When using the PreAdder and AMULTSEL is set to 'AD' and PREADDINSEL is set to 'A', the A operand should be restricted to 26 bit two's complement (and sign extended) to avoid over/underflow in the pre-add stage.
Related violations: <none>

REQP-1731#490 Warning
DSP_Abus_preadd_amult_sel_A_sign_bit_restriction  
kv260_dpu_sobel_bd_i/dpuczdx8g_0/inst/GenDpu0.u_dpu0/m_dpu_top/m_conv_top/inst_pea/u_mults/GenAddGrp[2].GenAddCh[3].GenMultOcp[2].u_mult_dsp_tree/GenMultPair[1].Gen8x8.u_mult_dsp/u_dsp/GenDsp48E2.u_dsp48e2: When using the PreAdder and AMULTSEL is set to 'AD' and PREADDINSEL is set to 'A', the A operand should be restricted to 26 bit two's complement (and sign extended) to avoid over/underflow in the pre-add stage.
Related violations: <none>

REQP-1731#491 Warning
DSP_Abus_preadd_amult_sel_A_sign_bit_restriction  
kv260_dpu_sobel_bd_i/dpuczdx8g_0/inst/GenDpu0.u_dpu0/m_dpu_top/m_conv_top/inst_pea/u_mults/GenAddGrp[2].GenAddCh[3].GenMultOcp[2].u_mult_dsp_tree/GenMultPair[2].Gen8x8.u_mult_dsp/u_dsp/GenDsp48E2.u_dsp48e2: When using the PreAdder and AMULTSEL is set to 'AD' and PREADDINSEL is set to 'A', the A operand should be restricted to 26 bit two's complement (and sign extended) to avoid over/underflow in the pre-add stage.
Related violations: <none>

REQP-1731#492 Warning
DSP_Abus_preadd_amult_sel_A_sign_bit_restriction  
kv260_dpu_sobel_bd_i/dpuczdx8g_0/inst/GenDpu0.u_dpu0/m_dpu_top/m_conv_top/inst_pea/u_mults/GenAddGrp[2].GenAddCh[3].GenMultOcp[2].u_mult_dsp_tree/GenMultPair[3].Gen8x8.u_mult_dsp/u_dsp/GenDsp48E2.u_dsp48e2: When using the PreAdder and AMULTSEL is set to 'AD' and PREADDINSEL is set to 'A', the A operand should be restricted to 26 bit two's complement (and sign extended) to avoid over/underflow in the pre-add stage.
Related violations: <none>

REQP-1731#493 Warning
DSP_Abus_preadd_amult_sel_A_sign_bit_restriction  
kv260_dpu_sobel_bd_i/dpuczdx8g_0/inst/GenDpu0.u_dpu0/m_dpu_top/m_conv_top/inst_pea/u_mults/GenAddGrp[2].GenAddCh[3].GenMultOcp[3].u_mult_dsp_tree/GenMultPair[0].Gen8x8.u_mult_dsp/u_dsp/GenDsp48E2.u_dsp48e2: When using the PreAdder and AMULTSEL is set to 'AD' and PREADDINSEL is set to 'A', the A operand should be restricted to 26 bit two's complement (and sign extended) to avoid over/underflow in the pre-add stage.
Related violations: <none>

REQP-1731#494 Warning
DSP_Abus_preadd_amult_sel_A_sign_bit_restriction  
kv260_dpu_sobel_bd_i/dpuczdx8g_0/inst/GenDpu0.u_dpu0/m_dpu_top/m_conv_top/inst_pea/u_mults/GenAddGrp[2].GenAddCh[3].GenMultOcp[3].u_mult_dsp_tree/GenMultPair[1].Gen8x8.u_mult_dsp/u_dsp/GenDsp48E2.u_dsp48e2: When using the PreAdder and AMULTSEL is set to 'AD' and PREADDINSEL is set to 'A', the A operand should be restricted to 26 bit two's complement (and sign extended) to avoid over/underflow in the pre-add stage.
Related violations: <none>

REQP-1731#495 Warning
DSP_Abus_preadd_amult_sel_A_sign_bit_restriction  
kv260_dpu_sobel_bd_i/dpuczdx8g_0/inst/GenDpu0.u_dpu0/m_dpu_top/m_conv_top/inst_pea/u_mults/GenAddGrp[2].GenAddCh[3].GenMultOcp[3].u_mult_dsp_tree/GenMultPair[2].Gen8x8.u_mult_dsp/u_dsp/GenDsp48E2.u_dsp48e2: When using the PreAdder and AMULTSEL is set to 'AD' and PREADDINSEL is set to 'A', the A operand should be restricted to 26 bit two's complement (and sign extended) to avoid over/underflow in the pre-add stage.
Related violations: <none>

REQP-1731#496 Warning
DSP_Abus_preadd_amult_sel_A_sign_bit_restriction  
kv260_dpu_sobel_bd_i/dpuczdx8g_0/inst/GenDpu0.u_dpu0/m_dpu_top/m_conv_top/inst_pea/u_mults/GenAddGrp[2].GenAddCh[3].GenMultOcp[3].u_mult_dsp_tree/GenMultPair[3].Gen8x8.u_mult_dsp/u_dsp/GenDsp48E2.u_dsp48e2: When using the PreAdder and AMULTSEL is set to 'AD' and PREADDINSEL is set to 'A', the A operand should be restricted to 26 bit two's complement (and sign extended) to avoid over/underflow in the pre-add stage.
Related violations: <none>

REQP-1731#497 Warning
DSP_Abus_preadd_amult_sel_A_sign_bit_restriction  
kv260_dpu_sobel_bd_i/dpuczdx8g_0/inst/GenDpu0.u_dpu0/m_dpu_top/m_conv_top/inst_pea/u_mults/GenAddGrp[2].GenAddCh[3].GenMultOcp[4].u_mult_dsp_tree/GenMultPair[0].Gen8x8.u_mult_dsp/u_dsp/GenDsp48E2.u_dsp48e2: When using the PreAdder and AMULTSEL is set to 'AD' and PREADDINSEL is set to 'A', the A operand should be restricted to 26 bit two's complement (and sign extended) to avoid over/underflow in the pre-add stage.
Related violations: <none>

REQP-1731#498 Warning
DSP_Abus_preadd_amult_sel_A_sign_bit_restriction  
kv260_dpu_sobel_bd_i/dpuczdx8g_0/inst/GenDpu0.u_dpu0/m_dpu_top/m_conv_top/inst_pea/u_mults/GenAddGrp[2].GenAddCh[3].GenMultOcp[4].u_mult_dsp_tree/GenMultPair[1].Gen8x8.u_mult_dsp/u_dsp/GenDsp48E2.u_dsp48e2: When using the PreAdder and AMULTSEL is set to 'AD' and PREADDINSEL is set to 'A', the A operand should be restricted to 26 bit two's complement (and sign extended) to avoid over/underflow in the pre-add stage.
Related violations: <none>

REQP-1731#499 Warning
DSP_Abus_preadd_amult_sel_A_sign_bit_restriction  
kv260_dpu_sobel_bd_i/dpuczdx8g_0/inst/GenDpu0.u_dpu0/m_dpu_top/m_conv_top/inst_pea/u_mults/GenAddGrp[2].GenAddCh[3].GenMultOcp[4].u_mult_dsp_tree/GenMultPair[2].Gen8x8.u_mult_dsp/u_dsp/GenDsp48E2.u_dsp48e2: When using the PreAdder and AMULTSEL is set to 'AD' and PREADDINSEL is set to 'A', the A operand should be restricted to 26 bit two's complement (and sign extended) to avoid over/underflow in the pre-add stage.
Related violations: <none>

REQP-1731#500 Warning
DSP_Abus_preadd_amult_sel_A_sign_bit_restriction  
kv260_dpu_sobel_bd_i/dpuczdx8g_0/inst/GenDpu0.u_dpu0/m_dpu_top/m_conv_top/inst_pea/u_mults/GenAddGrp[2].GenAddCh[3].GenMultOcp[4].u_mult_dsp_tree/GenMultPair[3].Gen8x8.u_mult_dsp/u_dsp/GenDsp48E2.u_dsp48e2: When using the PreAdder and AMULTSEL is set to 'AD' and PREADDINSEL is set to 'A', the A operand should be restricted to 26 bit two's complement (and sign extended) to avoid over/underflow in the pre-add stage.
Related violations: <none>

REQP-1731#501 Warning
DSP_Abus_preadd_amult_sel_A_sign_bit_restriction  
kv260_dpu_sobel_bd_i/dpuczdx8g_0/inst/GenDpu0.u_dpu0/m_dpu_top/m_conv_top/inst_pea/u_mults/GenAddGrp[2].GenAddCh[3].GenMultOcp[5].u_mult_dsp_tree/GenMultPair[0].Gen8x8.u_mult_dsp/u_dsp/GenDsp48E2.u_dsp48e2: When using the PreAdder and AMULTSEL is set to 'AD' and PREADDINSEL is set to 'A', the A operand should be restricted to 26 bit two's complement (and sign extended) to avoid over/underflow in the pre-add stage.
Related violations: <none>

REQP-1731#502 Warning
DSP_Abus_preadd_amult_sel_A_sign_bit_restriction  
kv260_dpu_sobel_bd_i/dpuczdx8g_0/inst/GenDpu0.u_dpu0/m_dpu_top/m_conv_top/inst_pea/u_mults/GenAddGrp[2].GenAddCh[3].GenMultOcp[5].u_mult_dsp_tree/GenMultPair[1].Gen8x8.u_mult_dsp/u_dsp/GenDsp48E2.u_dsp48e2: When using the PreAdder and AMULTSEL is set to 'AD' and PREADDINSEL is set to 'A', the A operand should be restricted to 26 bit two's complement (and sign extended) to avoid over/underflow in the pre-add stage.
Related violations: <none>

REQP-1731#503 Warning
DSP_Abus_preadd_amult_sel_A_sign_bit_restriction  
kv260_dpu_sobel_bd_i/dpuczdx8g_0/inst/GenDpu0.u_dpu0/m_dpu_top/m_conv_top/inst_pea/u_mults/GenAddGrp[2].GenAddCh[3].GenMultOcp[5].u_mult_dsp_tree/GenMultPair[2].Gen8x8.u_mult_dsp/u_dsp/GenDsp48E2.u_dsp48e2: When using the PreAdder and AMULTSEL is set to 'AD' and PREADDINSEL is set to 'A', the A operand should be restricted to 26 bit two's complement (and sign extended) to avoid over/underflow in the pre-add stage.
Related violations: <none>

REQP-1731#504 Warning
DSP_Abus_preadd_amult_sel_A_sign_bit_restriction  
kv260_dpu_sobel_bd_i/dpuczdx8g_0/inst/GenDpu0.u_dpu0/m_dpu_top/m_conv_top/inst_pea/u_mults/GenAddGrp[2].GenAddCh[3].GenMultOcp[5].u_mult_dsp_tree/GenMultPair[3].Gen8x8.u_mult_dsp/u_dsp/GenDsp48E2.u_dsp48e2: When using the PreAdder and AMULTSEL is set to 'AD' and PREADDINSEL is set to 'A', the A operand should be restricted to 26 bit two's complement (and sign extended) to avoid over/underflow in the pre-add stage.
Related violations: <none>

REQP-1731#505 Warning
DSP_Abus_preadd_amult_sel_A_sign_bit_restriction  
kv260_dpu_sobel_bd_i/dpuczdx8g_0/inst/GenDpu0.u_dpu0/m_dpu_top/m_conv_top/inst_pea/u_mults/GenAddGrp[2].GenAddCh[3].GenMultOcp[6].u_mult_dsp_tree/GenMultPair[0].Gen8x8.u_mult_dsp/u_dsp/GenDsp48E2.u_dsp48e2: When using the PreAdder and AMULTSEL is set to 'AD' and PREADDINSEL is set to 'A', the A operand should be restricted to 26 bit two's complement (and sign extended) to avoid over/underflow in the pre-add stage.
Related violations: <none>

REQP-1731#506 Warning
DSP_Abus_preadd_amult_sel_A_sign_bit_restriction  
kv260_dpu_sobel_bd_i/dpuczdx8g_0/inst/GenDpu0.u_dpu0/m_dpu_top/m_conv_top/inst_pea/u_mults/GenAddGrp[2].GenAddCh[3].GenMultOcp[6].u_mult_dsp_tree/GenMultPair[1].Gen8x8.u_mult_dsp/u_dsp/GenDsp48E2.u_dsp48e2: When using the PreAdder and AMULTSEL is set to 'AD' and PREADDINSEL is set to 'A', the A operand should be restricted to 26 bit two's complement (and sign extended) to avoid over/underflow in the pre-add stage.
Related violations: <none>

REQP-1731#507 Warning
DSP_Abus_preadd_amult_sel_A_sign_bit_restriction  
kv260_dpu_sobel_bd_i/dpuczdx8g_0/inst/GenDpu0.u_dpu0/m_dpu_top/m_conv_top/inst_pea/u_mults/GenAddGrp[2].GenAddCh[3].GenMultOcp[6].u_mult_dsp_tree/GenMultPair[2].Gen8x8.u_mult_dsp/u_dsp/GenDsp48E2.u_dsp48e2: When using the PreAdder and AMULTSEL is set to 'AD' and PREADDINSEL is set to 'A', the A operand should be restricted to 26 bit two's complement (and sign extended) to avoid over/underflow in the pre-add stage.
Related violations: <none>

REQP-1731#508 Warning
DSP_Abus_preadd_amult_sel_A_sign_bit_restriction  
kv260_dpu_sobel_bd_i/dpuczdx8g_0/inst/GenDpu0.u_dpu0/m_dpu_top/m_conv_top/inst_pea/u_mults/GenAddGrp[2].GenAddCh[3].GenMultOcp[6].u_mult_dsp_tree/GenMultPair[3].Gen8x8.u_mult_dsp/u_dsp/GenDsp48E2.u_dsp48e2: When using the PreAdder and AMULTSEL is set to 'AD' and PREADDINSEL is set to 'A', the A operand should be restricted to 26 bit two's complement (and sign extended) to avoid over/underflow in the pre-add stage.
Related violations: <none>

REQP-1731#509 Warning
DSP_Abus_preadd_amult_sel_A_sign_bit_restriction  
kv260_dpu_sobel_bd_i/dpuczdx8g_0/inst/GenDpu0.u_dpu0/m_dpu_top/m_conv_top/inst_pea/u_mults/GenAddGrp[2].GenAddCh[3].GenMultOcp[7].u_mult_dsp_tree/GenMultPair[0].Gen8x8.u_mult_dsp/u_dsp/GenDsp48E2.u_dsp48e2: When using the PreAdder and AMULTSEL is set to 'AD' and PREADDINSEL is set to 'A', the A operand should be restricted to 26 bit two's complement (and sign extended) to avoid over/underflow in the pre-add stage.
Related violations: <none>

REQP-1731#510 Warning
DSP_Abus_preadd_amult_sel_A_sign_bit_restriction  
kv260_dpu_sobel_bd_i/dpuczdx8g_0/inst/GenDpu0.u_dpu0/m_dpu_top/m_conv_top/inst_pea/u_mults/GenAddGrp[2].GenAddCh[3].GenMultOcp[7].u_mult_dsp_tree/GenMultPair[1].Gen8x8.u_mult_dsp/u_dsp/GenDsp48E2.u_dsp48e2: When using the PreAdder and AMULTSEL is set to 'AD' and PREADDINSEL is set to 'A', the A operand should be restricted to 26 bit two's complement (and sign extended) to avoid over/underflow in the pre-add stage.
Related violations: <none>

REQP-1731#511 Warning
DSP_Abus_preadd_amult_sel_A_sign_bit_restriction  
kv260_dpu_sobel_bd_i/dpuczdx8g_0/inst/GenDpu0.u_dpu0/m_dpu_top/m_conv_top/inst_pea/u_mults/GenAddGrp[2].GenAddCh[3].GenMultOcp[7].u_mult_dsp_tree/GenMultPair[2].Gen8x8.u_mult_dsp/u_dsp/GenDsp48E2.u_dsp48e2: When using the PreAdder and AMULTSEL is set to 'AD' and PREADDINSEL is set to 'A', the A operand should be restricted to 26 bit two's complement (and sign extended) to avoid over/underflow in the pre-add stage.
Related violations: <none>

REQP-1731#512 Warning
DSP_Abus_preadd_amult_sel_A_sign_bit_restriction  
kv260_dpu_sobel_bd_i/dpuczdx8g_0/inst/GenDpu0.u_dpu0/m_dpu_top/m_conv_top/inst_pea/u_mults/GenAddGrp[2].GenAddCh[3].GenMultOcp[7].u_mult_dsp_tree/GenMultPair[3].Gen8x8.u_mult_dsp/u_dsp/GenDsp48E2.u_dsp48e2: When using the PreAdder and AMULTSEL is set to 'AD' and PREADDINSEL is set to 'A', the A operand should be restricted to 26 bit two's complement (and sign extended) to avoid over/underflow in the pre-add stage.
Related violations: <none>


